Invoice_No,Stock_Code,Description,Quantity,Date,Price,Customers_Id,Country,Gender
552820,23144,ZINC T-LIGHT HOLDER STARS SMALL,12,11-05-2011 12:53,0.83,16644,United Kingdom,M
552820,84755,COLOUR GLASS T-LIGHT HOLDER HANGING,16,11-05-2011 12:53,0.65,16644,United Kingdom,M
552820,22917,HERB MARKER ROSEMARY,12,11-05-2011 12:53,0.65,16644,United Kingdom,M
552820,22916,HERB MARKER THYME,12,11-05-2011 12:53,0.65,16644,United Kingdom,F
552820,22921,HERB MARKER CHIVES ,12,11-05-2011 12:53,0.65,16644,United Kingdom,F
552820,22920,HERB MARKER BASIL,12,11-05-2011 12:53,0.65,16644,United Kingdom,M
552820,22919,HERB MARKER MINT,12,11-05-2011 12:53,0.65,16644,United Kingdom,F
552820,22918,HERB MARKER PARSLEY,12,11-05-2011 12:53,0.65,16644,United Kingdom,M
552820,22501,PICNIC BASKET WICKER LARGE,2,11-05-2011 12:53,9.95,16644,United Kingdom,F
552821,22061,LARGE CAKE STAND  HANGING STRAWBERY,1,11-05-2011 12:58,9.95,18118,United Kingdom,M
552821,23068,ALUMINIUM STAMPED HEART,1,11-05-2011 12:58,2.49,18118,United Kingdom,F
552821,84992,72 SWEETHEART FAIRY CAKE CASES,1,11-05-2011 12:58,0.55,18118,United Kingdom,M
552821,84978,HANGING HEART JAR T-LIGHT HOLDER,1,11-05-2011 12:58,1.25,18118,United Kingdom,M
552821,22197,SMALL POPCORN HOLDER,20,11-05-2011 12:58,0.85,18118,United Kingdom,M
552821,22189,CREAM HEART CARD HOLDER,1,11-05-2011 12:58,3.95,18118,United Kingdom,M
552821,84992,72 SWEETHEART FAIRY CAKE CASES,1,11-05-2011 12:58,0.55,18118,United Kingdom,M
552821,21385,IVORY HANGING DECORATION  HEART,2,11-05-2011 12:58,0.85,18118,United Kingdom,F
552821,84828,JUNGLE POPSICLES ICE LOLLY MOULDS,1,11-05-2011 12:58,1.25,18118,United Kingdom,F
552821,84380,SET OF 3 BUTTERFLY COOKIE CUTTERS,1,11-05-2011 12:58,1.25,18118,United Kingdom,F
552821,20676,RED RETROSPOT BOWL,1,11-05-2011 12:58,1.25,18118,United Kingdom,F
552821,20675,BLUE POLKADOT BOWL,1,11-05-2011 12:58,1.25,18118,United Kingdom,F
552821,20992,JAZZ HEARTS PURSE NOTEBOOK,1,11-05-2011 12:58,0.85,18118,United Kingdom,F
552821,22759,SET OF 3 NOTEBOOKS IN PARCEL,1,11-05-2011 12:58,1.65,18118,United Kingdom,M
552821,22966,GINGERBREAD MAN COOKIE CUTTER,1,11-05-2011 12:58,1.25,18118,United Kingdom,M
552821,20914,SET/5 RED RETROSPOT LID GLASS BOWLS,2,11-05-2011 12:58,2.95,18118,United Kingdom,M
552821,23132,SMALL IVORY HEART WALL ORGANISER,1,11-05-2011 12:58,5.75,18118,United Kingdom,F
552821,85123A,WHITE HANGING HEART T-LIGHT HOLDER,7,11-05-2011 12:58,2.95,18118,United Kingdom,F
552821,22147,FELTCRAFT BUTTERFLY HEARTS,1,11-05-2011 12:58,1.45,18118,United Kingdom,M
552821,22993,SET OF 4 PANTRY JELLY MOULDS,1,11-05-2011 12:58,1.25,18118,United Kingdom,F
552821,22464,HANGING METAL HEART LANTERN,1,11-05-2011 12:58,1.65,18118,United Kingdom,M
552821,22722,SET OF 6 SPICE TINS PANTRY DESIGN,1,11-05-2011 12:58,3.95,18118,United Kingdom,F
552821,20682,RED RETROSPOT CHILDRENS UMBRELLA,1,11-05-2011 12:58,3.25,18118,United Kingdom,M
552821,22838,3 TIER CAKE TIN RED AND CREAM,1,11-05-2011 12:58,14.95,18118,United Kingdom,M
552821,47590B,PINK HAPPY BIRTHDAY BUNTING,1,11-05-2011 12:58,5.45,18118,United Kingdom,M
552821,47566B,TEA TIME PARTY BUNTING,1,11-05-2011 12:58,4.95,18118,United Kingdom,M
552821,47566,PARTY BUNTING,2,11-05-2011 12:58,4.95,18118,United Kingdom,F
552821,47559B,TEA TIME OVEN GLOVE,1,11-05-2011 12:58,1.25,18118,United Kingdom,F
552821,82482,WOODEN PICTURE FRAME WHITE FINISH,1,11-05-2011 12:58,2.55,18118,United Kingdom,F
552821,21155,RED RETROSPOT PEG BAG,4,11-05-2011 12:58,2.55,18118,United Kingdom,M
552821,21364,PEACE SMALL WOOD LETTERS,1,11-05-2011 12:58,6.75,18118,United Kingdom,M
552821,22433,WATERING CAN GREEN DINOSAUR,2,11-05-2011 12:58,1.95,18118,United Kingdom,F
552821,22138,BAKING SET 9 PIECE RETROSPOT ,1,11-05-2011 12:58,4.95,18118,United Kingdom,F
552821,22508,DOORSTOP RETROSPOT HEART,1,11-05-2011 12:58,3.75,18118,United Kingdom,F
552821,21466,RED FLOWER CROCHET FOOD COVER,4,11-05-2011 12:58,3.75,18118,United Kingdom,F
552821,21470,FLOWER VINE RAFFIA FOOD COVER,2,11-05-2011 12:58,3.75,18118,United Kingdom,F
552821,22383,LUNCH BAG SUKI DESIGN ,2,11-05-2011 12:58,1.65,18118,United Kingdom,F
552821,85099F,JUMBO BAG STRAWBERRY,2,11-05-2011 12:58,2.08,18118,United Kingdom,F
552821,23201,JUMBO BAG ALPHABET,1,11-05-2011 12:58,2.08,18118,United Kingdom,F
552821,20712,JUMBO BAG WOODLAND ANIMALS,3,11-05-2011 12:58,2.08,18118,United Kingdom,F
552821,85099B,JUMBO BAG RED RETROSPOT,2,11-05-2011 12:58,2.08,18118,United Kingdom,M
552821,85099C,JUMBO  BAG BAROQUE BLACK WHITE,3,11-05-2011 12:58,2.08,18118,United Kingdom,M
552821,21931,JUMBO STORAGE BAG SUKI,3,11-05-2011 12:58,2.08,18118,United Kingdom,M
552821,22386,JUMBO BAG PINK POLKADOT,2,11-05-2011 12:58,2.08,18118,United Kingdom,M
552821,21937,STRAWBERRY   PICNIC BAG,2,11-05-2011 12:58,2.95,18118,United Kingdom,M
552821,22169,FAMILY ALBUM WHITE PICTURE FRAME,1,11-05-2011 12:58,8.5,18118,United Kingdom,F
552821,22443,GROW YOUR OWN HERBS SET OF 3,1,11-05-2011 12:58,7.95,18118,United Kingdom,F
552821,48194,DOORMAT HEARTS,1,11-05-2011 12:58,7.95,18118,United Kingdom,M
552822,22197,SMALL POPCORN HOLDER,2,11-05-2011 12:59,0.85,15521,United Kingdom,M
552822,21238,RED RETROSPOT CUP,2,11-05-2011 12:59,0.85,15521,United Kingdom,F
552822,21731,RED TOADSTOOL LED NIGHT LIGHT,24,11-05-2011 12:59,1.65,15521,United Kingdom,F
552822,23084,RABBIT NIGHT LIGHT,30,11-05-2011 12:59,1.79,15521,United Kingdom,M
552822,22278,OVERNIGHT BAG VINTAGE ROSE PAISLEY,1,11-05-2011 12:59,4.95,15521,United Kingdom,M
552822,84912B,GREEN ROSE WASHBAG,1,11-05-2011 12:59,3.75,15521,United Kingdom,M
552822,22090,PAPER BUNTING RETROSPOT,2,11-05-2011 12:59,2.95,15521,United Kingdom,M
552822,84997B,CHILDRENS CUTLERY RETROSPOT RED ,2,11-05-2011 12:59,4.15,15521,United Kingdom,M
552822,20712,JUMBO BAG WOODLAND ANIMALS,10,11-05-2011 12:59,2.08,15521,United Kingdom,M
552822,23201,JUMBO BAG ALPHABET,10,11-05-2011 12:59,2.08,15521,United Kingdom,M
552822,23203,JUMBO BAG DOILEY PATTERNS,10,11-05-2011 12:59,2.08,15521,United Kingdom,F
552822,23054,RECYCLED ACAPULCO MAT LAVENDER,1,11-05-2011 12:59,8.25,15521,United Kingdom,F
552822,22429,ENAMEL MEASURING JUG CREAM,1,11-05-2011 12:59,4.25,15521,United Kingdom,F
552822,23230,WRAP ALPHABET DESIGN,25,11-05-2011 12:59,0.42,15521,United Kingdom,M
552822,22711,WRAP CIRCUS PARADE,25,11-05-2011 12:59,0.42,15521,United Kingdom,M
552822,21497,FANCY FONTS BIRTHDAY WRAP,25,11-05-2011 12:59,0.42,15521,United Kingdom,M
552822,21915,RED  HARMONICA IN BOX ,12,11-05-2011 12:59,1.25,15521,United Kingdom,M
552822,21918,SET 12 KIDS COLOUR  CHALK STICKS,6,11-05-2011 12:59,0.42,15521,United Kingdom,F
552822,22436,12 COLOURED PARTY BALLOONS,10,11-05-2011 12:59,0.65,15521,United Kingdom,F
552822,22437,SET OF 9 BLACK SKULL BALLOONS,10,11-05-2011 12:59,0.85,15521,United Kingdom,F
552822,22560,TRADITIONAL MODELLING CLAY,3,11-05-2011 12:59,1.25,15521,United Kingdom,M
552822,22993,SET OF 4 PANTRY JELLY MOULDS,1,11-05-2011 12:59,1.25,15521,United Kingdom,M
552822,22382,LUNCH BAG SPACEBOY DESIGN ,6,11-05-2011 12:59,1.65,15521,United Kingdom,F
552822,20726,LUNCH BAG WOODLAND,6,11-05-2011 12:59,1.65,15521,United Kingdom,F
552822,22333,RETROSPOT PARTY BAG + STICKER SET,5,11-05-2011 12:59,1.65,15521,United Kingdom,F
552822,22331,WOODLAND PARTY BAG + STICKER SET,5,11-05-2011 12:59,1.65,15521,United Kingdom,F
552822,22332,SKULLS PARTY BAG + STICKER SET,4,11-05-2011 12:59,1.65,15521,United Kingdom,M
552822,22622,BOX OF VINTAGE ALPHABET BLOCKS,2,11-05-2011 12:59,11.95,15521,United Kingdom,M
552822,23205,CHARLOTTE BAG VINTAGE ALPHABET ,1,11-05-2011 12:59,0.85,15521,United Kingdom,M
552822,23207,LUNCH BAG ALPHABET DESIGN,6,11-05-2011 12:59,1.65,15521,United Kingdom,M
552822,23209,LUNCH BAG DOILEY PATTERN ,6,11-05-2011 12:59,1.65,15521,United Kingdom,F
552822,22493,PAINT YOUR OWN CANVAS SET,4,11-05-2011 12:59,1.65,15521,United Kingdom,M
552822,21912,VINTAGE SNAKES & LADDERS,4,11-05-2011 12:59,3.75,15521,United Kingdom,F
552822,21913,VINTAGE SEASIDE JIGSAW PUZZLES,4,11-05-2011 12:59,3.75,15521,United Kingdom,M
552822,22630,DOLLY GIRL LUNCH BOX,4,11-05-2011 12:59,1.95,15521,United Kingdom,F
552822,21242,RED RETROSPOT PLATE ,4,11-05-2011 12:59,1.69,15521,United Kingdom,M
552822,20823,GOLD WINE GOBLET,4,11-05-2011 12:59,0.79,15521,United Kingdom,M
552822,22466,FAIRY TALE COTTAGE NIGHTLIGHT,12,11-05-2011 12:59,1.95,15521,United Kingdom,F
552823,15058B,PINK POLKADOT GARDEN PARASOL,1,11-05-2011 13:06,7.95,14731,United Kingdom,M
552823,21713,CITRONELLA CANDLE FLOWERPOT,4,11-05-2011 13:06,2.1,14731,United Kingdom,F
552823,47566,PARTY BUNTING,1,11-05-2011 13:06,4.95,14731,United Kingdom,F
552823,84380,SET OF 3 BUTTERFLY COOKIE CUTTERS,3,11-05-2011 13:06,1.25,14731,United Kingdom,F
552823,47504K,ENGLISH ROSE GARDEN SECATEURS,3,11-05-2011 13:06,1.95,14731,United Kingdom,F
552823,22964,3 PIECE SPACEBOY COOKIE CUTTER SET,2,11-05-2011 13:06,2.1,14731,United Kingdom,M
552823,23280,FOLDING BUTTERFLY MIRROR HOT PINK ,6,11-05-2011 13:06,0.83,14731,United Kingdom,M
552823,23282,FOLDING BUTTERFLY MIRROR IVORY ,6,11-05-2011 13:06,0.83,14731,United Kingdom,M
552823,22586,FELTCRAFT HAIRBAND PINK AND BLUE,6,11-05-2011 13:06,0.85,14731,United Kingdom,M
552823,84378,SET OF 3 HEART COOKIE CUTTERS,3,11-05-2011 13:06,1.25,14731,United Kingdom,F
552823,84596F,SMALL MARSHMALLOWS PINK BOWL,5,11-05-2011 13:06,0.42,14731,United Kingdom,F
552823,84596B,SMALL DOLLY MIX DESIGN ORANGE BOWL,5,11-05-2011 13:06,0.42,14731,United Kingdom,F
552823,22147,FELTCRAFT BUTTERFLY HEARTS,4,11-05-2011 13:06,1.45,14731,United Kingdom,F
552823,85184C,S/4 VALENTINE DECOUPAGE HEART BOX,2,11-05-2011 13:06,2.95,14731,United Kingdom,F
552823,47559B,TEA TIME OVEN GLOVE,4,11-05-2011 13:06,1.25,14731,United Kingdom,F
552823,84828,JUNGLE POPSICLES ICE LOLLY MOULDS,3,11-05-2011 13:06,1.25,14731,United Kingdom,F
552823,22383,LUNCH BAG SUKI DESIGN ,2,11-05-2011 13:06,1.65,14731,United Kingdom,F
552823,22384,LUNCH BAG PINK POLKADOT,3,11-05-2011 13:06,1.65,14731,United Kingdom,F
552823,22383,LUNCH BAG SUKI DESIGN ,4,11-05-2011 13:06,1.65,14731,United Kingdom,F
552823,21933,PINK VINTAGE PAISLEY PICNIC BAG,6,11-05-2011 13:06,1.65,14731,United Kingdom,F
552823,21034,REX CASH+CARRY JUMBO SHOPPER,1,11-05-2011 13:06,0.95,14731,United Kingdom,F
552823,85132C,CHARLIE AND LOLA FIGURES TINS,4,11-05-2011 13:06,1.95,14731,United Kingdom,F
552823,85132B,CHARLIE AND LOLA TABLE TINS,2,11-05-2011 13:06,1.95,14731,United Kingdom,F
552823,85132A,CHARLIE + LOLA BISCUITS TINS,6,11-05-2011 13:06,1.95,14731,United Kingdom,M
552824,23050,RECYCLED ACAPULCO MAT GREEN,5,11-05-2011 13:16,8.25,14056,United Kingdom,M
552824,23051,RECYCLED ACAPULCO MAT BLUE,5,11-05-2011 13:16,8.25,14056,United Kingdom,M
552824,23052,RECYCLED ACAPULCO MAT TURQUOISE,5,11-05-2011 13:16,8.25,14056,United Kingdom,M
552824,23049,RECYCLED ACAPULCO MAT RED,2,11-05-2011 13:16,8.25,14056,United Kingdom,M
552824,23084,RABBIT NIGHT LIGHT,3,11-05-2011 13:16,2.08,14056,United Kingdom,M
552824,22998,TRAVEL CARD WALLET KEEP CALM,24,11-05-2011 13:16,0.42,14056,United Kingdom,M
552824,22999,TRAVEL CARD WALLET RETRO PETALS,24,11-05-2011 13:16,0.42,14056,United Kingdom,F
552824,23003,TRAVEL CARD WALLET VINTAGE ROSE ,24,11-05-2011 13:16,0.42,14056,United Kingdom,M
552824,22994,TRAVEL CARD WALLET RETROSPOT,24,11-05-2011 13:16,0.42,14056,United Kingdom,F
552824,23191,BUNDLE OF 3 RETRO NOTE BOOKS,12,11-05-2011 13:16,1.65,14056,United Kingdom,M
552824,23190,BUNDLE OF 3 SCHOOL EXERCISE BOOKS  ,12,11-05-2011 13:16,1.65,14056,United Kingdom,F
552824,23192,BUNDLE OF 3 ALPHABET EXERCISE BOOKS,12,11-05-2011 13:16,1.65,14056,United Kingdom,M
552824,84755,COLOUR GLASS T-LIGHT HOLDER HANGING,8,11-05-2011 13:16,0.65,14056,United Kingdom,F
552824,22970,LONDON BUS COFFEE MUG,6,11-05-2011 13:16,2.55,14056,United Kingdom,M
552824,22897,OVEN MITT APPLES DESIGN,1,11-05-2011 13:16,1.45,14056,United Kingdom,M
552824,22896,PEG BAG APPLES DESIGN,1,11-05-2011 13:16,2.55,14056,United Kingdom,M
552824,22905,CALENDAR IN SEASON DESIGN,2,11-05-2011 13:16,2.95,14056,United Kingdom,M
552824,23298,SPOTTY BUNTING,3,11-05-2011 13:16,4.95,14056,United Kingdom,F
552824,21509,COWBOYS AND INDIANS BIRTHDAY CARD ,12,11-05-2011 13:16,0.42,14056,United Kingdom,F
552824,22178,VICTORIAN GLASS HANGING T-LIGHT,3,11-05-2011 13:16,1.25,14056,United Kingdom,F
552824,84970S,HANGING HEART ZINC T-LIGHT HOLDER,3,11-05-2011 13:16,0.85,14056,United Kingdom,M
552824,22852,DOG BOWL VINTAGE CREAM,1,11-05-2011 13:16,4.25,14056,United Kingdom,M
552824,22853,CAT BOWL VINTAGE CREAM,1,11-05-2011 13:16,3.25,14056,United Kingdom,F
552824,22502,PICNIC BASKET WICKER SMALL,1,11-05-2011 13:16,5.95,14056,United Kingdom,F
552824,22501,PICNIC BASKET WICKER LARGE,1,11-05-2011 13:16,9.95,14056,United Kingdom,F
552824,22616,PACK OF 12 LONDON TISSUES ,12,11-05-2011 13:16,0.29,14056,United Kingdom,F
552824,21577,SAVE THE PLANET COTTON TOTE BAG,1,11-05-2011 13:16,2.25,14056,United Kingdom,M
552824,85099F,JUMBO BAG STRAWBERRY,2,11-05-2011 13:16,2.08,14056,United Kingdom,M
552824,20712,JUMBO BAG WOODLAND ANIMALS,1,11-05-2011 13:16,2.08,14056,United Kingdom,M
552824,23199,JUMBO BAG APPLES,2,11-05-2011 13:16,2.08,14056,United Kingdom,M
552824,22411,JUMBO SHOPPER VINTAGE RED PAISLEY,1,11-05-2011 13:16,2.08,14056,United Kingdom,F
552824,85099B,JUMBO BAG RED RETROSPOT,1,11-05-2011 13:16,2.08,14056,United Kingdom,M
552824,23203,JUMBO BAG DOILEY PATTERNS,1,11-05-2011 13:16,2.08,14056,United Kingdom,F
552824,23202,JUMBO BAG VINTAGE LEAF,1,11-05-2011 13:16,2.08,14056,United Kingdom,M
552824,85099C,JUMBO  BAG BAROQUE BLACK WHITE,1,11-05-2011 13:16,2.08,14056,United Kingdom,F
552824,22551,PLASTERS IN TIN SPACEBOY,4,11-05-2011 13:16,1.65,14056,United Kingdom,M
552824,22402,MAGNETS PACK OF 4 VINTAGE COLLAGE,2,11-05-2011 13:16,1.25,14056,United Kingdom,M
552824,22554,PLASTERS IN TIN WOODLAND ANIMALS,4,11-05-2011 13:16,1.65,14056,United Kingdom,F
552824,22916,HERB MARKER THYME,7,11-05-2011 13:16,0.65,14056,United Kingdom,M
552824,22917,HERB MARKER ROSEMARY,7,11-05-2011 13:16,0.65,14056,United Kingdom,F
552824,22918,HERB MARKER PARSLEY,6,11-05-2011 13:16,0.65,14056,United Kingdom,F
552824,22919,HERB MARKER MINT,7,11-05-2011 13:16,0.65,14056,United Kingdom,F
552824,22920,HERB MARKER BASIL,9,11-05-2011 13:16,0.65,14056,United Kingdom,F
552824,22921,HERB MARKER CHIVES ,7,11-05-2011 13:16,0.65,14056,United Kingdom,M
552824,21937,STRAWBERRY   PICNIC BAG,2,11-05-2011 13:16,2.95,14056,United Kingdom,M
552824,21936,RED RETROSPOT PICNIC BAG,2,11-05-2011 13:16,2.95,14056,United Kingdom,M
552824,22691,DOORMAT WELCOME SUNRISE,1,11-05-2011 13:16,7.95,14056,United Kingdom,M
552824,22843,BISCUIT TIN VINTAGE GREEN,1,11-05-2011 13:16,6.75,14056,United Kingdom,F
552824,23206,LUNCH BAG APPLE DESIGN,10,11-05-2011 13:16,1.65,14056,United Kingdom,F
552824,22077,6 RIBBONS RUSTIC CHARM,2,11-05-2011 13:16,1.65,14056,United Kingdom,F
552824,23209,LUNCH BAG DOILEY PATTERN ,3,11-05-2011 13:16,1.65,14056,United Kingdom,F
552824,22723,SET OF 6 HERB TINS SKETCHBOOK,1,11-05-2011 13:16,3.95,14056,United Kingdom,F
552824,22081,RIBBON REEL FLORA + FAUNA ,1,11-05-2011 13:16,1.65,14056,United Kingdom,F
552824,22079,RIBBON REEL HEARTS DESIGN ,1,11-05-2011 13:16,1.65,14056,United Kingdom,F
552824,22082,RIBBON REEL STRIPES DESIGN ,1,11-05-2011 13:16,1.65,14056,United Kingdom,F
552824,21790,VINTAGE SNAP CARDS,3,11-05-2011 13:16,0.85,14056,United Kingdom,F
552824,22842,BISCUIT TIN VINTAGE RED,1,11-05-2011 13:16,6.75,14056,United Kingdom,F
552824,22076,6 RIBBONS EMPIRE  ,2,11-05-2011 13:16,1.65,14056,United Kingdom,F
552824,22840,ROUND CAKE TIN VINTAGE RED,1,11-05-2011 13:16,7.95,14056,United Kingdom,F
552824,22841,ROUND CAKE TIN VINTAGE GREEN,1,11-05-2011 13:16,7.95,14056,United Kingdom,F
552824,20914,SET/5 RED RETROSPOT LID GLASS BOWLS,8,11-05-2011 13:16,2.95,14056,United Kingdom,F
552825,22178,VICTORIAN GLASS HANGING T-LIGHT,12,11-05-2011 13:18,1.25,15296,United Kingdom,M
552825,23144,ZINC T-LIGHT HOLDER STARS SMALL,12,11-05-2011 13:18,0.83,15296,United Kingdom,M
552825,84970S,HANGING HEART ZINC T-LIGHT HOLDER,12,11-05-2011 13:18,0.85,15296,United Kingdom,M
552825,71459,HANGING JAM JAR T-LIGHT HOLDER,12,11-05-2011 13:18,0.85,15296,United Kingdom,M
552825,22488,NATURAL SLATE RECTANGLE CHALKBOARD,12,11-05-2011 13:18,1.65,15296,United Kingdom,M
552825,22457,NATURAL SLATE HEART CHALKBOARD ,6,11-05-2011 13:18,2.95,15296,United Kingdom,M
552825,82486,WOOD S/3 CABINET ANT WHITE FINISH,2,11-05-2011 13:18,8.95,15296,United Kingdom,M
552825,82482,WOODEN PICTURE FRAME WHITE FINISH,6,11-05-2011 13:18,2.55,15296,United Kingdom,M
552825,23172,REGENCY TEA PLATE PINK,12,11-05-2011 13:18,1.65,15296,United Kingdom,F
552825,23171,REGENCY TEA PLATE GREEN ,12,11-05-2011 13:18,1.65,15296,United Kingdom,F
552825,23170,REGENCY TEA PLATE ROSES ,12,11-05-2011 13:18,1.65,15296,United Kingdom,F
552825,22699,ROSES REGENCY TEACUP AND SAUCER ,6,11-05-2011 13:18,2.95,15296,United Kingdom,M
552825,22698,PINK REGENCY TEACUP AND SAUCER,6,11-05-2011 13:18,2.95,15296,United Kingdom,M
552825,22697,GREEN REGENCY TEACUP AND SAUCER,6,11-05-2011 13:18,2.95,15296,United Kingdom,F
552825,23199,JUMBO BAG APPLES,10,11-05-2011 13:18,2.08,15296,United Kingdom,F
552825,23204,CHARLOTTE BAG APPLES DESIGN,10,11-05-2011 13:18,0.85,15296,United Kingdom,F
552825,23206,LUNCH BAG APPLE DESIGN,10,11-05-2011 13:18,1.65,15296,United Kingdom,F
552825,21770,OPEN CLOSED METAL SIGN,2,11-05-2011 13:18,4.95,15296,United Kingdom,M
552825,22460,EMBOSSED GLASS TEALIGHT HOLDER,12,11-05-2011 13:18,1.25,15296,United Kingdom,M
552825,23209,LUNCH BAG DOILEY PATTERN ,10,11-05-2011 13:18,1.65,15296,United Kingdom,M
552825,22652,TRAVEL SEWING KIT,10,11-05-2011 13:18,1.65,15296,United Kingdom,M
552825,20725,LUNCH BAG RED RETROSPOT,10,11-05-2011 13:18,1.65,15296,United Kingdom,F
552825,22969,HOMEMADE JAM SCENTED CANDLES,12,11-05-2011 13:18,1.45,15296,United Kingdom,M
552825,23175,REGENCY MILK JUG PINK ,6,11-05-2011 13:18,3.25,15296,United Kingdom,F
552825,23174,REGENCY SUGAR BOWL GREEN,6,11-05-2011 13:18,4.15,15296,United Kingdom,M
552825,23173,REGENCY TEAPOT ROSES ,2,11-05-2011 13:18,9.95,15296,United Kingdom,F
552825,22693,GROW A FLYTRAP OR SUNFLOWER IN TIN,24,11-05-2011 13:18,1.25,15296,United Kingdom,M
552825,23108,SET OF 10 LED DOLLY LIGHTS,2,11-05-2011 13:18,6.25,15296,United Kingdom,M
552825,84077,WORLD WAR 2 GLIDERS ASSTD DESIGNS,48,11-05-2011 13:18,0.29,15296,United Kingdom,F
552825,22355,CHARLOTTE BAG SUKI DESIGN,10,11-05-2011 13:18,0.85,15296,United Kingdom,M
552825,22383,LUNCH BAG SUKI DESIGN ,10,11-05-2011 13:18,1.65,15296,United Kingdom,F
552825,20726,LUNCH BAG WOODLAND,10,11-05-2011 13:18,1.65,15296,United Kingdom,F
552825,20719,WOODLAND CHARLOTTE BAG,10,11-05-2011 13:18,0.85,15296,United Kingdom,F
552825,23203,JUMBO BAG DOILEY PATTERNS,10,11-05-2011 13:18,2.08,15296,United Kingdom,F
552825,23202,JUMBO BAG VINTAGE LEAF,10,11-05-2011 13:18,2.08,15296,United Kingdom,M
552826,21844,RED RETROSPOT MUG,6,11-05-2011 13:20,2.95,14277,France,M
552826,23065,LARGE DECO JEWELLERY STAND,3,11-05-2011 13:20,12.5,14277,France,M
552826,21623,VINTAGE UNION JACK MEMOBOARD,2,11-05-2011 13:20,9.95,14277,France,M
552826,23072,MARIE ANTOINETTE TRINKET BOX SILVER,2,11-05-2011 13:20,12.5,14277,France,F
552826,23071,MARIE ANTOINETTE TRINKET BOX GOLD,2,11-05-2011 13:20,12.5,14277,France,F
552826,23147,SINGLE ANTIQUE ROSE HOOK IVORY,12,11-05-2011 13:20,1.45,14277,France,F
552826,23146,TRIPLE HOOK ANTIQUE IVORY ROSE,8,11-05-2011 13:20,3.29,14277,France,F
552826,23075,PARLOUR CERAMIC WALL HOOK,10,11-05-2011 13:20,4.15,14277,France,F
552826,23254,CHILDRENS CUTLERY DOLLY GIRL ,6,11-05-2011 13:20,4.15,14277,France,F
552826,23109,LED TEA LIGHTS,24,11-05-2011 13:20,2.89,14277,France,F
552826,23066,SMALL DECO JEWELLERY STAND,4,11-05-2011 13:20,8.25,14277,France,F
552826,21584,RETROSPOT SMALL TUBE MATCHES,20,11-05-2011 13:20,1.65,14277,France,F
552826,22302,COFFEE MUG PEARS  DESIGN,6,11-05-2011 13:20,2.55,14277,France,F
552826,22300,COFFEE MUG DOG + BALL DESIGN,6,11-05-2011 13:20,2.55,14277,France,F
552826,22970,LONDON BUS COFFEE MUG,24,11-05-2011 13:20,2.55,14277,France,F
552826,22301,COFFEE MUG CAT + BIRD DESIGN,6,11-05-2011 13:20,2.55,14277,France,F
552826,22305,COFFEE MUG PINK PAISLEY DESIGN,12,11-05-2011 13:20,2.55,14277,France,M
552826,23118,PARISIENNE JEWELLERY DRAWER ,4,11-05-2011 13:20,7.5,14277,France,M
552826,23111,PARISIENNE SEWING BOX,2,11-05-2011 13:20,12.5,14277,France,M
552826,21246,RED RETROSPOT BIG BOWL,6,11-05-2011 13:20,4.95,14277,France,M
552826,22063,CERAMIC BOWL WITH STRAWBERRY DESIGN,2,11-05-2011 13:20,2.95,14277,France,M
552826,21399,BLUE POLKADOT COFFEE MUG,6,11-05-2011 13:20,0.39,14277,France,M
552826,21394,RED POLKADOT BEAKER ,6,11-05-2011 13:20,0.39,14277,France,M
552826,23079,TOADSTOOL BEDSIDE LIGHT ,4,11-05-2011 13:20,8.95,14277,France,M
552826,22626,BLACK KITCHEN SCALES,1,11-05-2011 13:20,8.5,14277,France,M
552826,21466,RED FLOWER CROCHET FOOD COVER,4,11-05-2011 13:20,3.75,14277,France,F
552826,21467,CHERRY CROCHET FOOD COVER,4,11-05-2011 13:20,3.75,14277,France,F
552826,23091,ZINC HERB GARDEN CONTAINER,5,11-05-2011 13:20,6.25,14277,France,F
552826,22425,ENAMEL COLANDER CREAM,4,11-05-2011 13:20,4.95,14277,France,M
552826,22840,ROUND CAKE TIN VINTAGE RED,2,11-05-2011 13:20,7.95,14277,France,M
552826,22838,3 TIER CAKE TIN RED AND CREAM,2,11-05-2011 13:20,14.95,14277,France,F
552826,22842,BISCUIT TIN VINTAGE RED,2,11-05-2011 13:20,6.75,14277,France,F
552826,22847,BREAD BIN DINER STYLE IVORY,2,11-05-2011 13:20,16.95,14277,France,F
552826,85099B,JUMBO BAG RED RETROSPOT,10,11-05-2011 13:20,2.08,14277,France,F
552826,23199,JUMBO BAG APPLES,10,11-05-2011 13:20,2.08,14277,France,M
552826,21163,DO NOT TOUCH MY STUFF DOOR HANGER ,4,11-05-2011 13:20,1.45,14277,France,M
552826,21248,DOOR HANGER  MUM + DADS ROOM,4,11-05-2011 13:20,1.45,14277,France,M
552826,21908,CHOCOLATE THIS WAY METAL SIGN,6,11-05-2011 13:20,2.1,14277,France,M
552826,82583,HOT BATHS METAL SIGN,4,11-05-2011 13:20,2.1,14277,France,F
552826,82582,AREA PATROLLED METAL SIGN,4,11-05-2011 13:20,2.1,14277,France,M
552826,21907,I'M ON HOLIDAY METAL SIGN,3,11-05-2011 13:20,2.1,14277,France,F
552826,82600,NO SINGING METAL SIGN,3,11-05-2011 13:20,2.1,14277,France,M
552826,21166,COOK WITH WINE METAL SIGN ,1,11-05-2011 13:20,2.08,14277,France,F
552826,82583,HOT BATHS METAL SIGN,4,11-05-2011 13:20,2.1,14277,France,M
552826,21165,BEWARE OF THE CAT METAL SIGN ,1,11-05-2011 13:20,1.69,14277,France,M
552826,21181,PLEASE ONE PERSON METAL SIGN,1,11-05-2011 13:20,2.1,14277,France,F
552826,21166,COOK WITH WINE METAL SIGN ,3,11-05-2011 13:20,2.08,14277,France,M
552826,21165,BEWARE OF THE CAT METAL SIGN ,4,11-05-2011 13:20,1.69,14277,France,F
552826,85150,LADIES & GENTLEMEN METAL SIGN,4,11-05-2011 13:20,2.55,14277,France,F
552826,21181,PLEASE ONE PERSON METAL SIGN,3,11-05-2011 13:20,2.1,14277,France,F
552826,84792,ENCHANTED BIRD COATHANGER 5 HOOK,2,11-05-2011 13:20,4.65,14277,France,F
552826,22471,TV DINNER TRAY AIR HOSTESS ,2,11-05-2011 13:20,4.95,14277,France,M
552826,22505,MEMO BOARD COTTAGE DESIGN,2,11-05-2011 13:20,4.95,14277,France,M
552826,22507,MEMO BOARD RETROSPOT  DESIGN,2,11-05-2011 13:20,4.95,14277,France,M
552826,21539,RED RETROSPOT BUTTER DISH,2,11-05-2011 13:20,4.95,14277,France,M
552826,21669,BLUE STRIPE CERAMIC DRAWER KNOB,12,11-05-2011 13:20,1.25,14277,France,F
552826,21673,WHITE SPOT BLUE CERAMIC DRAWER KNOB,12,11-05-2011 13:20,1.25,14277,France,F
552826,21671,RED SPOT CERAMIC DRAWER KNOB,12,11-05-2011 13:20,1.25,14277,France,F
552826,21668,RED STRIPE CERAMIC DRAWER KNOB,12,11-05-2011 13:20,1.25,14277,France,F
552826,21672,WHITE SPOT RED CERAMIC DRAWER KNOB,12,11-05-2011 13:20,1.25,14277,France,F
552826,22178,VICTORIAN GLASS HANGING T-LIGHT,30,11-05-2011 13:20,1.25,14277,France,F
552826,22913,RED COAT RACK PARIS FASHION,6,11-05-2011 13:20,4.95,14277,France,F
552826,22912,YELLOW COAT RACK PARIS FASHION,6,11-05-2011 13:20,4.95,14277,France,F
552826,22914,BLUE COAT RACK PARIS FASHION,6,11-05-2011 13:20,4.95,14277,France,F
552826,20914,SET/5 RED RETROSPOT LID GLASS BOWLS,3,11-05-2011 13:20,2.95,14277,France,F
552826,21161,KEEP OUT BOYS DOOR HANGER ,24,11-05-2011 13:20,1.45,14277,France,F
552826,21162,TOXIC AREA  DOOR HANGER ,24,11-05-2011 13:20,1.45,14277,France,F
552826,20983,12 PENCILS TALL TUBE RED RETROSPOT,24,11-05-2011 13:20,0.85,14277,France,F
552826,22606,WOODEN SKITTLES GARDEN SET,2,11-05-2011 13:20,15.95,14277,France,F
552826,21452,TOADSTOOL MONEY BOX,2,11-05-2011 13:20,2.95,14277,France,M
552826,22923,FRIDGE MAGNETS LES ENFANTS ASSORTED,120,11-05-2011 13:20,0.72,14277,France,M
552826,22924,FRIDGE MAGNETS LA VIE EN ROSE,120,11-05-2011 13:20,0.72,14277,France,M
552826,22922,FRIDGE MAGNETS US DINER ASSORTED,120,11-05-2011 13:20,0.72,14277,France,M
552826,22771,CLEAR DRAWER KNOB ACRYLIC EDWARDIAN,12,11-05-2011 13:20,1.25,14277,France,M
552826,22805,BLUE DRAWER KNOB ACRYLIC EDWARDIAN,12,11-05-2011 13:20,1.25,14277,France,M
552827,84879,ASSORTED COLOUR BIRD ORNAMENT,160,11-05-2011 13:20,1.45,18144,United Kingdom,M
552827,21260,FIRST AID TIN,12,11-05-2011 13:20,3.25,18144,United Kingdom,F
552827,22666,RECIPE BOX PANTRY YELLOW DESIGN,6,11-05-2011 13:20,2.95,18144,United Kingdom,F
552828,23207,LUNCH BAG ALPHABET DESIGN,10,11-05-2011 13:23,1.65,13662,United Kingdom,M
552828,23209,LUNCH BAG DOILEY PATTERN ,10,11-05-2011 13:23,1.65,13662,United Kingdom,F
552828,23201,JUMBO BAG ALPHABET,10,11-05-2011 13:23,1.95,13662,United Kingdom,M
552828,23172,REGENCY TEA PLATE PINK,12,11-05-2011 13:23,1.65,13662,United Kingdom,F
552828,23084,RABBIT NIGHT LIGHT,6,11-05-2011 13:23,2.08,13662,United Kingdom,M
552828,22745,POPPY'S PLAYHOUSE BEDROOM ,6,11-05-2011 13:23,2.1,13662,United Kingdom,F
552828,22549,PICTURE DOMINOES,24,11-05-2011 13:23,1.45,13662,United Kingdom,M
552828,21716,BOYS VINTAGE TIN SEASIDE BUCKET,8,11-05-2011 13:23,2.55,13662,United Kingdom,M
552828,21749,LARGE RED RETROSPOT WINDMILL,6,11-05-2011 13:23,2.1,13662,United Kingdom,M
552828,22046,TEA PARTY  WRAPPING PAPER ,25,11-05-2011 13:23,0.42,13662,United Kingdom,M
552828,23231,WRAP DOILEY DESIGN,25,11-05-2011 13:23,0.42,13662,United Kingdom,M
552828,23108,SET OF 10 LED DOLLY LIGHTS,2,11-05-2011 13:23,6.25,13662,United Kingdom,F
552828,47566,PARTY BUNTING,4,11-05-2011 13:23,4.95,13662,United Kingdom,F
552828,15036,ASSORTED COLOURS SILK FAN,12,11-05-2011 13:23,0.83,13662,United Kingdom,F
552828,22485,SET OF 2 WOODEN MARKET CRATES,2,11-05-2011 13:23,12.75,13662,United Kingdom,F
552828,84946,ANTIQUE SILVER T-LIGHT GLASS,12,11-05-2011 13:23,1.25,13662,United Kingdom,F
552828,23207,LUNCH BAG ALPHABET DESIGN,10,11-05-2011 13:23,1.65,13662,United Kingdom,F
552828,23184,BULL DOG BOTTLE OPENER,4,11-05-2011 13:23,4.95,13662,United Kingdom,M
552829,22714,CARD BIRTHDAY COWBOY,24,11-05-2011 13:42,0.42,12748,United Kingdom,M
552829,21733,RED HANGING HEART T-LIGHT HOLDER,32,11-05-2011 13:42,2.55,12748,United Kingdom,M
552829,22804,CANDLEHOLDER PINK HANGING HEART,32,11-05-2011 13:42,2.55,12748,United Kingdom,M
552829,23171,REGENCY TEA PLATE GREEN ,1,11-05-2011 13:42,1.65,12748,United Kingdom,M
552829,23170,REGENCY TEA PLATE ROSES ,1,11-05-2011 13:42,1.65,12748,United Kingdom,M
552829,20726,LUNCH BAG WOODLAND,2,11-05-2011 13:42,1.65,12748,United Kingdom,F
552829,85123A,WHITE HANGING HEART T-LIGHT HOLDER,32,11-05-2011 13:42,2.55,12748,United Kingdom,F
552829,22993,SET OF 4 PANTRY JELLY MOULDS,12,11-05-2011 13:42,1.25,12748,United Kingdom,M
552829,21662,VINTAGE GLASS COFFEE CADDY,1,11-05-2011 13:42,5.95,12748,United Kingdom,F
552829,23142,IVORY WIRE KITCHEN ORGANISER,1,11-05-2011 13:42,10.4,12748,United Kingdom,M
552829,22219,LOVEBIRD HANGING DECORATION WHITE ,10,11-05-2011 13:42,0.85,12748,United Kingdom,F
552829,23067,HANGING ENGRAVED METAL HEART,4,11-05-2011 13:42,4.15,12748,United Kingdom,M
552829,21990,MODERN FLORAL STATIONERY SET,4,11-05-2011 13:42,2.95,12748,United Kingdom,F
552829,22211,WOOD STAMP SET FLOWERS,2,11-05-2011 13:42,1.65,12748,United Kingdom,M
552829,21755,LOVE BUILDING BLOCK WORD,1,11-05-2011 13:42,5.95,12748,United Kingdom,M
552829,22393,PAPERWEIGHT VINTAGE COLLAGE,2,11-05-2011 13:42,2.55,12748,United Kingdom,M
552829,22394,PAPERWEIGHT KINGS CHOICE ,2,11-05-2011 13:42,2.55,12748,United Kingdom,M
552829,85124C,GREEN JUICY FRUIT PHOTO FRAME,2,11-05-2011 13:42,2.55,12748,United Kingdom,M
552829,22171,3 HOOK PHOTO SHELF ANTIQUE WHITE,3,11-05-2011 13:42,8.5,12748,United Kingdom,F
552829,85184C,S/4 VALENTINE DECOUPAGE HEART BOX,3,11-05-2011 13:42,2.95,12748,United Kingdom,F
552829,21165,BEWARE OF THE CAT METAL SIGN ,3,11-05-2011 13:42,1.69,12748,United Kingdom,F
552829,82567,"AIRLINE LOUNGE,METAL SIGN",3,11-05-2011 13:42,2.1,12748,United Kingdom,F
552829,85152,HAND OVER THE CHOCOLATE   SIGN ,5,11-05-2011 13:42,2.1,12748,United Kingdom,F
552829,21908,CHOCOLATE THIS WAY METAL SIGN,3,11-05-2011 13:42,2.1,12748,United Kingdom,F
552829,22115,METAL SIGN EMPIRE TEA,3,11-05-2011 13:42,2.95,12748,United Kingdom,M
552829,82552,WASHROOM METAL SIGN,5,11-05-2011 13:42,1.45,12748,United Kingdom,M
552829,21174,POTTERING IN THE SHED METAL SIGN,1,11-05-2011 13:42,2.08,12748,United Kingdom,M
552829,85066,CREAM SWEETHEART MINI CHEST,1,11-05-2011 13:42,12.75,12748,United Kingdom,M
552829,22663,JUMBO BAG DOLLY GIRL DESIGN,1,11-05-2011 13:42,2.08,12748,United Kingdom,M
552829,84789,ENCHANTED BIRD PLANT CAGE,1,11-05-2011 13:42,3.75,12748,United Kingdom,M
552829,84659A,WHITE TRAVEL ALARM CLOCK,1,11-05-2011 13:42,2.55,12748,United Kingdom,F
552829,22729,ALARM CLOCK BAKELIKE ORANGE,1,11-05-2011 13:42,3.75,12748,United Kingdom,F
552829,21735,TWO DOOR CURIO CABINET,1,11-05-2011 13:42,6,12748,United Kingdom,M
552830,23192,BUNDLE OF 3 ALPHABET EXERCISE BOOKS,24,11-05-2011 13:49,1.65,15187,United Kingdom,F
552830,22197,SMALL POPCORN HOLDER,36,11-05-2011 13:49,0.85,15187,United Kingdom,M
552830,22630,DOLLY GIRL LUNCH BOX,12,11-05-2011 13:49,1.95,15187,United Kingdom,F
552830,23203,JUMBO BAG DOILEY PATTERNS,20,11-05-2011 13:49,1.95,15187,United Kingdom,M
552830,21929,JUMBO BAG PINK VINTAGE PAISLEY,20,11-05-2011 13:49,1.95,15187,United Kingdom,F
552830,23201,JUMBO BAG ALPHABET,20,11-05-2011 13:49,1.95,15187,United Kingdom,M
552830,22622,BOX OF VINTAGE ALPHABET BLOCKS,10,11-05-2011 13:49,9.95,15187,United Kingdom,M
552830,23081,GREEN METAL BOX TOP SECRET,10,11-05-2011 13:49,8.25,15187,United Kingdom,M
552830,21928,JUMBO BAG SCANDINAVIAN PAISLEY,20,11-05-2011 13:49,1.95,15187,United Kingdom,M
552831,23283,DOORMAT VINTAGE LEAVES DESIGN ,3,11-05-2011 14:12,7.95,13052,United Kingdom,M
552831,48194,DOORMAT HEARTS,2,11-05-2011 14:12,7.95,13052,United Kingdom,F
552831,20685,DOORMAT RED RETROSPOT,4,11-05-2011 14:12,7.95,13052,United Kingdom,F
552831,22692,DOORMAT WELCOME TO OUR HOME,2,11-05-2011 14:12,7.95,13052,United Kingdom,F
552831,84763,ZINC FINISH 15CM PLANTER POTS,7,11-05-2011 14:12,1.25,13052,United Kingdom,F
552831,22120,WELCOME  WOODEN BLOCK LETTERS,1,11-05-2011 14:12,9.95,13052,United Kingdom,F
552831,22293,HANGING CHICK GREEN DECORATION,25,11-05-2011 14:12,1.45,13052,United Kingdom,F
552831,84971S,SMALL HEART FLOWERS HOOK ,2,11-05-2011 14:12,0.85,13052,United Kingdom,M
552831,23060,HEART BEADED TRELLIS DECORATION,1,11-05-2011 14:12,2.08,13052,United Kingdom,M
552831,16016,LARGE CHINESE STYLE SCISSOR,22,11-05-2011 14:12,0.85,13052,United Kingdom,M
552831,16015,MEDIUM CHINESE STYLE SCISSOR,30,11-05-2011 14:12,0.5,13052,United Kingdom,F
552831,16014,SMALL CHINESE STYLE SCISSOR,30,11-05-2011 14:12,0.42,13052,United Kingdom,F
552831,21034,REX CASH+CARRY JUMBO SHOPPER,4,11-05-2011 14:12,0.95,13052,United Kingdom,M
552831,22602,RETROSPOT WOODEN HEART DECORATION,30,11-05-2011 14:12,0.85,13052,United Kingdom,M
552831,23068,ALUMINIUM STAMPED HEART,8,11-05-2011 14:12,2.49,13052,United Kingdom,M
552831,85123A,WHITE HANGING HEART T-LIGHT HOLDER,23,11-05-2011 14:12,2.95,13052,United Kingdom,M
552831,22294,HEART FILIGREE DOVE  SMALL,19,11-05-2011 14:12,1.25,13052,United Kingdom,F
552831,22285,HANGING HEN ON NEST DECORATION,9,11-05-2011 14:12,1.65,13052,United Kingdom,F
552832,23052,RECYCLED ACAPULCO MAT TURQUOISE,1,11-05-2011 14:13,8.25,13098,United Kingdom,F
552832,23051,RECYCLED ACAPULCO MAT BLUE,1,11-05-2011 14:13,8.25,12567,United Kingdom,F
552833,23167,SMALL CERAMIC TOP STORAGE JAR ,1350,11-05-2011 14:14,0.69,18133,United Kingdom,F
552834,23050,RECYCLED ACAPULCO MAT GREEN,1,11-05-2011 14:15,8.25,13445,United Kingdom,F
552834,23049,RECYCLED ACAPULCO MAT RED,1,11-05-2011 14:15,8.25,13458,United Kingdom,F
552835,21212,PACK OF 72 RETROSPOT CAKE CASES,24,11-05-2011 14:17,0.55,17664,United Kingdom,F
552835,22996,TRAVEL CARD WALLET VINTAGE TICKET,24,11-05-2011 14:17,0.42,17664,United Kingdom,F
552835,22088,PAPER BUNTING COLOURED LACE,6,11-05-2011 14:17,2.95,17664,United Kingdom,F
552835,47566,PARTY BUNTING,4,11-05-2011 14:17,4.95,17664,United Kingdom,F
552835,23108,SET OF 10 LED DOLLY LIGHTS,2,11-05-2011 14:17,6.25,17664,United Kingdom,F
552835,22906,12 MESSAGE CARDS WITH ENVELOPES,12,11-05-2011 14:17,1.65,17664,United Kingdom,F
552835,22421,LIPSTICK PEN FUSCHIA,12,11-05-2011 14:17,0.42,17664,United Kingdom,F
552835,22741,FUNKY DIVA PEN,48,11-05-2011 14:17,0.85,17664,United Kingdom,M
552835,22584,PACK OF 6 PANNETONE GIFT BOXES,6,11-05-2011 14:17,2.55,17664,United Kingdom,M
552835,22582,PACK OF 6 SWEETIE GIFT BOXES,6,11-05-2011 14:17,2.55,17664,United Kingdom,M
552835,16161U,WRAP SUKI AND FRIENDS,25,11-05-2011 14:17,0.42,17664,United Kingdom,M
552835,22707,WRAP MONSTER FUN ,25,11-05-2011 14:17,0.42,17664,United Kingdom,M
552835,22706,WRAP COWBOYS  ,25,11-05-2011 14:17,0.42,17664,United Kingdom,M
552835,22985,WRAP BILLBOARD FONTS DESIGN,25,11-05-2011 14:17,0.42,17664,United Kingdom,M
552835,23233,WRAP POPPIES  DESIGN,25,11-05-2011 14:17,0.42,17664,United Kingdom,M
552835,23230,WRAP ALPHABET DESIGN,25,11-05-2011 14:17,0.42,17664,United Kingdom,F
552835,21982,PACK OF 12 SUKI TISSUES ,24,11-05-2011 14:17,0.29,17664,United Kingdom,F
552835,21967,PACK OF 12 SKULL TISSUES,24,11-05-2011 14:17,0.29,17664,United Kingdom,F
552835,23202,JUMBO BAG VINTAGE LEAF,10,11-05-2011 14:17,2.08,17664,United Kingdom,M
552835,23298,SPOTTY BUNTING,3,11-05-2011 14:17,4.95,17664,United Kingdom,M
552835,21213,PACK OF 72 SKULL CAKE CASES,24,11-05-2011 14:17,0.55,17664,United Kingdom,F
552835,21977,PACK OF 60 PINK PAISLEY CAKE CASES,24,11-05-2011 14:17,0.55,17664,United Kingdom,F
552835,22089,PAPER BUNTING VINTAGE PAISLEY,6,11-05-2011 14:17,2.95,17664,United Kingdom,F
552837,22652,TRAVEL SEWING KIT,12,11-05-2011 14:24,1.65,12901,United Kingdom,F
552837,22713,CARD I LOVE LONDON ,12,11-05-2011 14:24,0.42,12901,United Kingdom,M
552837,22971,QUEENS GUARD COFFEE MUG,18,11-05-2011 14:24,2.55,12901,United Kingdom,M
552837,22970,LONDON BUS COFFEE MUG,18,11-05-2011 14:24,2.55,12901,United Kingdom,M
552837,22659,LUNCH BOX I LOVE LONDON,12,11-05-2011 14:24,1.95,12901,United Kingdom,M
552838,22384,LUNCH BAG PINK POLKADOT,10,11-05-2011 14:24,1.65,15732,United Kingdom,F
552838,22383,LUNCH BAG SUKI DESIGN ,10,11-05-2011 14:24,1.65,15732,United Kingdom,M
552838,20728,LUNCH BAG CARS BLUE,10,11-05-2011 14:24,1.65,15732,United Kingdom,F
552838,47591D,PINK FAIRY CAKE CHILDRENS APRON,8,11-05-2011 14:24,1.95,15732,United Kingdom,M
552838,84077,WORLD WAR 2 GLIDERS ASSTD DESIGNS,48,11-05-2011 14:24,0.29,15732,United Kingdom,F
552838,21033,JUMBO BAG CHARLIE AND LOLA TOYS,10,11-05-2011 14:24,2.08,15732,United Kingdom,M
552838,85099B,JUMBO BAG RED RETROSPOT,10,11-05-2011 14:24,2.08,15732,United Kingdom,M
552838,22271,FELTCRAFT DOLL ROSIE,6,11-05-2011 14:24,2.95,15732,United Kingdom,F
552838,22273,FELTCRAFT DOLL MOLLY,6,11-05-2011 14:24,2.95,15732,United Kingdom,M
552839,22694,WICKER STAR ,5,11-05-2011 14:25,2.1,14367,United Kingdom,F
552839,22696,WICKER WREATH LARGE,4,11-05-2011 14:25,1.95,14367,United Kingdom,F
552839,22695,WICKER WREATH SMALL,4,11-05-2011 14:25,1.45,14367,United Kingdom,F
552839,23184,BULL DOG BOTTLE OPENER,6,11-05-2011 14:25,4.95,14367,United Kingdom,F
552839,22993,SET OF 4 PANTRY JELLY MOULDS,12,11-05-2011 14:25,1.25,14367,United Kingdom,M
552839,23067,HANGING ENGRAVED METAL HEART,4,11-05-2011 14:25,4.15,14367,United Kingdom,M
552839,22855,FINE WICKER HEART ,12,11-05-2011 14:25,1.25,14367,United Kingdom,M
552839,23133,LARGE IVORY HEART WALL ORGANISER,2,11-05-2011 14:25,8.25,14367,United Kingdom,M
552839,23134,LARGE ZINC HEART WALL ORGANISER,2,11-05-2011 14:25,8.25,14367,United Kingdom,F
552839,23132,SMALL IVORY HEART WALL ORGANISER,6,11-05-2011 14:25,5.75,14367,United Kingdom,F
552839,23135,SMALL ZINC HEART WALL ORGANISER,6,11-05-2011 14:25,5.75,14367,United Kingdom,F
552839,22201,FRYING PAN BLUE POLKADOT,3,11-05-2011 14:25,4.25,14367,United Kingdom,F
552839,22199,FRYING PAN RED RETROSPOT,3,11-05-2011 14:25,4.25,14367,United Kingdom,F
552839,22200,FRYING PAN PINK POLKADOT,2,11-05-2011 14:25,4.25,14367,United Kingdom,F
552839,22990,COTTON APRON PANTRY DESIGN,2,11-05-2011 14:25,4.95,14367,United Kingdom,F
552839,20998,ROSE DU SUD OVEN GLOVE,4,11-05-2011 14:25,2.95,14367,United Kingdom,F
552839,23298,SPOTTY BUNTING,6,11-05-2011 14:25,4.95,14367,United Kingdom,F
552839,47559B,TEA TIME OVEN GLOVE,7,11-05-2011 14:25,1.25,14367,United Kingdom,F
552839,22897,OVEN MITT APPLES DESIGN,3,11-05-2011 14:25,1.45,14367,United Kingdom,F
552839,21154,RED RETROSPOT OVEN GLOVE ,3,11-05-2011 14:25,1.25,14367,United Kingdom,F
552839,22840,ROUND CAKE TIN VINTAGE RED,1,11-05-2011 14:25,7.95,14367,United Kingdom,F
552839,22841,ROUND CAKE TIN VINTAGE GREEN,1,11-05-2011 14:25,7.95,14367,United Kingdom,#NAME?
552839,21986,PACK OF 12 PINK POLKADOT TISSUES,12,11-05-2011 14:25,0.29,14367,United Kingdom,M
552839,21985,PACK OF 12 HEARTS DESIGN TISSUES ,12,11-05-2011 14:25,0.29,14367,United Kingdom,M
552839,21980,PACK OF 12 RED RETROSPOT TISSUES ,12,11-05-2011 14:25,0.29,14367,United Kingdom,M
552839,22502,PICNIC BASKET WICKER SMALL,3,11-05-2011 14:25,5.95,14367,United Kingdom,M
552839,20707,CRAZY DAISY HEART DECORATION,8,11-05-2011 14:25,1.25,14367,United Kingdom,M
552839,22501,PICNIC BASKET WICKER LARGE,2,11-05-2011 14:25,9.95,14367,United Kingdom,M
552839,20828,GLITTER BUTTERFLY CLIPS,20,11-05-2011 14:25,2.55,14367,United Kingdom,M
552839,20829,GLITTER HANGING BUTTERFLY STRING,6,11-05-2011 14:25,2.1,14367,United Kingdom,M
552839,20725,LUNCH BAG RED RETROSPOT,10,11-05-2011 14:25,1.65,14367,United Kingdom,F
552839,22386,JUMBO BAG PINK POLKADOT,10,11-05-2011 14:25,2.08,14367,United Kingdom,F
552839,85099B,JUMBO BAG RED RETROSPOT,10,11-05-2011 14:25,2.08,14367,United Kingdom,F
552839,23199,JUMBO BAG APPLES,10,11-05-2011 14:25,2.08,14367,United Kingdom,M
552839,22384,LUNCH BAG PINK POLKADOT,10,11-05-2011 14:25,1.65,14367,United Kingdom,M
552839,47566,PARTY BUNTING,6,11-05-2011 14:25,4.95,14367,United Kingdom,F
552839,23206,LUNCH BAG APPLE DESIGN,10,11-05-2011 14:25,1.65,14367,United Kingdom,F
552839,47590A,BLUE HAPPY BIRTHDAY BUNTING,3,11-05-2011 14:25,5.45,14367,United Kingdom,F
552839,22382,LUNCH BAG SPACEBOY DESIGN ,10,11-05-2011 14:25,1.65,14367,United Kingdom,F
552839,47590B,PINK HAPPY BIRTHDAY BUNTING,3,11-05-2011 14:25,5.45,14367,United Kingdom,M
552839,22318,FIVE HEART HANGING DECORATION,7,11-05-2011 14:25,2.95,14367,United Kingdom,M
552839,20702,PINK PADDED MOBILE,3,11-05-2011 14:25,4.25,14367,United Kingdom,M
552839,48188,DOORMAT WELCOME PUPPIES,2,11-05-2011 14:25,7.95,14367,United Kingdom,M
552839,48185,DOORMAT FAIRY CAKE,1,11-05-2011 14:25,7.95,14367,United Kingdom,F
552839,21523,DOORMAT FANCY FONT HOME SWEET HOME,1,11-05-2011 14:25,7.95,14367,United Kingdom,M
552839,22692,DOORMAT WELCOME TO OUR HOME,2,11-05-2011 14:25,7.95,14367,United Kingdom,F
552839,48185,DOORMAT FAIRY CAKE,1,11-05-2011 14:25,7.95,14367,United Kingdom,M
552839,20685,DOORMAT RED RETROSPOT,2,11-05-2011 14:25,7.95,14367,United Kingdom,F
552839,48187,DOORMAT NEW ENGLAND,2,11-05-2011 14:25,7.95,14367,United Kingdom,M
552839,48194,DOORMAT HEARTS,2,11-05-2011 14:25,7.95,14367,United Kingdom,M
552839,48116,DOORMAT MULTICOLOUR STRIPE,2,11-05-2011 14:25,7.95,14367,United Kingdom,F
552840,84077,WORLD WAR 2 GLIDERS ASSTD DESIGNS,96,11-05-2011 14:25,0.29,12901,United Kingdom,M
552840,22440,BALLOON WATER BOMB PACK OF 35,20,11-05-2011 14:25,0.42,12901,United Kingdom,F
C552841,22839,3 TIER CAKE TIN GREEN AND CREAM,-1,11-05-2011 14:28,14.95,15827,United Kingdom,F
C552841,22838,3 TIER CAKE TIN RED AND CREAM,-1,11-05-2011 14:28,14.95,15827,United Kingdom,F
C552841,22840,ROUND CAKE TIN VINTAGE RED,-1,11-05-2011 14:28,7.95,15827,United Kingdom,F
C552841,22841,ROUND CAKE TIN VINTAGE GREEN,-2,11-05-2011 14:28,7.95,15827,United Kingdom,M
C552841,22842,BISCUIT TIN VINTAGE RED,-2,11-05-2011 14:28,6.75,15827,United Kingdom,M
C552841,22843,BISCUIT TIN VINTAGE GREEN,-2,11-05-2011 14:28,6.75,15827,United Kingdom,M
552842,22979,PANTRY WASHING UP BRUSH,1,11-05-2011 14:29,1.45,17888,United Kingdom,M
552842,22990,COTTON APRON PANTRY DESIGN,1,11-05-2011 14:29,4.95,17888,United Kingdom,F
552842,22989,SET 2 PANTRY DESIGN TEA TOWELS,2,11-05-2011 14:29,3.25,17888,United Kingdom,F
552842,23233,WRAP POPPIES  DESIGN,25,11-05-2011 14:29,0.42,17888,United Kingdom,F
552842,23104,IVORY PANTRY HANGING LAMP ,2,11-05-2011 14:29,12.5,17888,United Kingdom,F
552842,23052,RECYCLED ACAPULCO MAT TURQUOISE,1,11-05-2011 14:29,8.25,17888,United Kingdom,F
552843,71459,HANGING JAM JAR T-LIGHT HOLDER,12,11-05-2011 14:37,0.85,14649,United Kingdom,F
552843,22699,ROSES REGENCY TEACUP AND SAUCER ,1,11-05-2011 14:37,2.95,14649,United Kingdom,F
552843,47566,PARTY BUNTING,1,11-05-2011 14:37,4.95,14649,United Kingdom,F
552843,84947,ANTIQUE SILVER TEA GLASS ENGRAVED,6,11-05-2011 14:37,1.25,14649,United Kingdom,F
552843,84378,SET OF 3 HEART COOKIE CUTTERS,2,11-05-2011 14:37,1.25,14649,United Kingdom,F
552843,85123A,WHITE HANGING HEART T-LIGHT HOLDER,32,11-05-2011 14:37,2.55,14649,United Kingdom,F
552843,22692,DOORMAT WELCOME TO OUR HOME,1,11-05-2011 14:37,7.95,14649,United Kingdom,F
552843,22423,REGENCY CAKESTAND 3 TIER,3,11-05-2011 14:37,12.75,14649,United Kingdom,F
552843,22405,MONEY BOX POCKET MONEY DESIGN,1,11-05-2011 14:37,1.25,14649,United Kingdom,F
552843,22432,WATERING CAN PINK BUNNY,1,11-05-2011 14:37,1.95,14649,United Kingdom,M
552843,22431,WATERING CAN BLUE ELEPHANT,1,11-05-2011 14:37,1.95,14649,United Kingdom,M
552843,21519,GIN & TONIC DIET GREETING CARD ,12,11-05-2011 14:37,0.42,14649,United Kingdom,M
552843,21181,PLEASE ONE PERSON METAL SIGN,1,11-05-2011 14:37,2.1,14649,United Kingdom,M
552843,21166,COOK WITH WINE METAL SIGN ,1,11-05-2011 14:37,2.08,14649,United Kingdom,M
552843,22440,BALLOON WATER BOMB PACK OF 35,15,11-05-2011 14:37,0.42,14649,United Kingdom,M
552843,21945,STRAWBERRIES  DESIGN FLANNEL ,1,11-05-2011 14:37,0.85,14649,United Kingdom,M
552843,22063,CERAMIC BOWL WITH STRAWBERRY DESIGN,1,11-05-2011 14:37,2.95,14649,United Kingdom,F
552843,21314,SMALL GLASS HEART TRINKET POT,4,11-05-2011 14:37,2.1,14649,United Kingdom,F
552843,85061W,WHITE JEWELLED HEART DECORATION,24,11-05-2011 14:37,0.85,14649,United Kingdom,M
552843,84970S,HANGING HEART ZINC T-LIGHT HOLDER,12,11-05-2011 14:37,0.85,14649,United Kingdom,F
552843,22178,VICTORIAN GLASS HANGING T-LIGHT,12,11-05-2011 14:37,1.25,14649,United Kingdom,M
552843,21385,IVORY HANGING DECORATION  HEART,6,11-05-2011 14:37,0.85,14649,United Kingdom,F
552843,85135C,RED DRAGONFLY HELICOPTER,1,11-05-2011 14:37,7.95,14649,United Kingdom,M
552843,20754,RETROSPOT RED WASHING UP GLOVES,1,11-05-2011 14:37,2.1,14649,United Kingdom,F
552843,17084N,FAIRY DREAMS INCENSE ,25,11-05-2011 14:37,0.21,14649,United Kingdom,M
552843,17084R,ASSORTED INCENSE PACK,72,11-05-2011 14:37,0.21,14649,United Kingdom,M
552843,84755,COLOUR GLASS T-LIGHT HOLDER HANGING,8,11-05-2011 14:37,0.65,14649,United Kingdom,M
552843,23078,ICE CREAM PEN LIP GLOSS ,24,11-05-2011 14:37,1.25,14649,United Kingdom,M
552843,23203,JUMBO BAG DOILEY PATTERNS,1,11-05-2011 14:37,2.08,14649,United Kingdom,M
552843,21754,HOME BUILDING BLOCK WORD,2,11-05-2011 14:37,5.95,14649,United Kingdom,F
552843,21755,LOVE BUILDING BLOCK WORD,6,11-05-2011 14:37,5.95,14649,United Kingdom,F
552843,22693,GROW A FLYTRAP OR SUNFLOWER IN TIN,24,11-05-2011 14:37,1.25,14649,United Kingdom,F
552843,37449,CERAMIC CAKE STAND + HANGING CAKES,1,11-05-2011 14:37,9.95,14649,United Kingdom,F
552843,21181,PLEASE ONE PERSON METAL SIGN,1,11-05-2011 14:37,2.1,14649,United Kingdom,F
552843,23298,SPOTTY BUNTING,1,11-05-2011 14:37,4.95,14649,United Kingdom,F
552844,23193,BUFFALO BILL TREASURE BOOK BOX,8,11-05-2011 14:37,2.25,12649,Germany,M
552844,23194,GYMKHANA TREASURE BOOK BOX,8,11-05-2011 14:37,2.25,12649,Germany,M
552844,22554,PLASTERS IN TIN WOODLAND ANIMALS,12,11-05-2011 14:37,1.65,12649,Germany,M
552844,21981,PACK OF 12 WOODLAND TISSUES ,24,11-05-2011 14:37,0.29,12649,Germany,M
552844,21731,RED TOADSTOOL LED NIGHT LIGHT,24,11-05-2011 14:37,1.65,12649,Germany,M
552844,21896,POTTING SHED TWINE,6,11-05-2011 14:37,2.1,12649,Germany,M
552844,21158,MOODY GIRL DOOR HANGER ,12,11-05-2011 14:37,1.45,12649,Germany,F
552844,21159,MOODY BOY  DOOR HANGER ,12,11-05-2011 14:37,1.45,12649,Germany,F
552844,21559,STRAWBERRY LUNCH BOX WITH CUTLERY,12,11-05-2011 14:37,2.55,12649,Germany,M
552844,21452,TOADSTOOL MONEY BOX,6,11-05-2011 14:37,2.95,12649,Germany,F
552844,22326,ROUND SNACK BOXES SET OF4 WOODLAND ,18,11-05-2011 14:37,2.95,12649,Germany,M
552844,22956,36 FOIL HEART CAKE CASES,6,11-05-2011 14:37,2.1,12649,Germany,F
552844,21086,SET/6 RED SPOTTY PAPER CUPS,12,11-05-2011 14:37,0.65,12649,Germany,M
552844,21094,SET/6 RED SPOTTY PAPER PLATES,12,11-05-2011 14:37,0.85,12649,Germany,F
552844,22906,12 MESSAGE CARDS WITH ENVELOPES,12,11-05-2011 14:37,1.65,12649,Germany,M
552844,23084,RABBIT NIGHT LIGHT,18,11-05-2011 14:37,2.08,12649,Germany,M
552844,POST,POSTAGE,2,11-05-2011 14:37,18,12649,Germany,M
552845,22445,PENCIL CASE LIFE IS BEAUTIFUL,48,11-05-2011 14:37,2.55,14646,Netherlands,M
552845,20750,RED RETROSPOT MINI CASES,12,11-05-2011 14:37,6.35,14646,Netherlands,M
552845,22329,ROUND CONTAINER SET OF 5 RETROSPOT,48,11-05-2011 14:37,1.45,14646,Netherlands,F
552845,20914,SET/5 RED RETROSPOT LID GLASS BOWLS,32,11-05-2011 14:37,2.55,14646,Netherlands,F
552845,22558,CLOTHES PEGS RETROSPOT PACK 24 ,48,11-05-2011 14:37,1.45,14646,Netherlands,F
552845,21578,WOODLAND DESIGN  COTTON TOTE BAG,12,11-05-2011 14:37,2.25,14646,Netherlands,F
552845,POST,POSTAGE,6,11-05-2011 14:37,15,14646,Netherlands,F
552846,23254,CHILDRENS CUTLERY DOLLY GIRL ,72,11-05-2011 14:38,3.75,14646,Netherlands,F
552846,POST,POSTAGE,1,11-05-2011 14:38,18,14646,Netherlands,M
552847,90200A,PURPLE SWEETHEART BRACELET,3,11-05-2011 14:42,4.25,14649,United Kingdom,M
552847,90200B,BLACK SWEETHEART BRACELET,3,11-05-2011 14:42,4.25,14649,United Kingdom,M
552847,90200D,PINK SWEETHEART BRACELET,3,11-05-2011 14:42,4.25,14649,United Kingdom,M
552847,90200E,GREEN SWEETHEART BRACELET,3,11-05-2011 14:42,4.25,14649,United Kingdom,M
552847,90123A,PINK HEART OF GLASS BRACELET,1,11-05-2011 14:42,5.95,14649,United Kingdom,M
552847,90122A,PINK CRYSTAL+GLASS BRACELET,1,11-05-2011 14:42,4.95,14649,United Kingdom,F
552847,90143,SILVER BRACELET W PASTEL FLOWER,2,11-05-2011 14:42,7.5,14649,United Kingdom,F
552847,90160D,PINK BOUDICCA LARGE BRACELET,3,11-05-2011 14:42,6.95,14649,United Kingdom,M
552847,90160A,PURPLE BOUDICCA LARGE BRACELET,3,11-05-2011 14:42,6.95,14649,United Kingdom,F
552847,90161D,ANT COPPER PINK BOUDICCA BRACELET,3,11-05-2011 14:42,4.95,14649,United Kingdom,F
552847,90064A,WHITE VINTAGE CRYSTAL EARRINGS,2,11-05-2011 14:42,3.75,14649,United Kingdom,F
552847,90063A,WHITE VINT ART DECO CRYSTAL NECKLAC,2,11-05-2011 14:42,8.5,14649,United Kingdom,M
552847,90063B,BLACK VINT ART DEC CRYSTAL NECKLACE,2,11-05-2011 14:42,8.5,14649,United Kingdom,M
552847,90064B,BLACK VINTAGE  CRYSTAL EARRINGS,2,11-05-2011 14:42,3.75,14649,United Kingdom,M
552848,85123A,WHITE HANGING HEART T-LIGHT HOLDER,12,11-05-2011 14:49,2.95,14367,United Kingdom,M
552848,22804,CANDLEHOLDER PINK HANGING HEART,6,11-05-2011 14:49,2.95,14367,United Kingdom,F
552848,21733,RED HANGING HEART T-LIGHT HOLDER,3,11-05-2011 14:49,2.95,14367,United Kingdom,F
C552849,85123A,WHITE HANGING HEART T-LIGHT HOLDER,-12,11-05-2011 14:52,2.95,14367,United Kingdom,F
C552849,22804,CANDLEHOLDER PINK HANGING HEART,-6,11-05-2011 14:52,2.95,14367,United Kingdom,F
C552849,21733,RED HANGING HEART T-LIGHT HOLDER,-3,11-05-2011 14:52,2.95,14367,United Kingdom,F
552850,85123A,WHITE HANGING HEART T-LIGHT HOLDER,12,11-05-2011 14:54,2.95,14367,United Kingdom,F
552850,22804,CANDLEHOLDER PINK HANGING HEART,6,11-05-2011 14:54,2.95,14367,United Kingdom,F
552850,21733,RED HANGING HEART T-LIGHT HOLDER,3,11-05-2011 14:54,2.95,14367,United Kingdom,F
552851,23084,RABBIT NIGHT LIGHT,120,11-05-2011 15:07,1.79,12731,France,F
552851,10125,MINI FUNKY DESIGN TAPES,100,11-05-2011 15:07,0.85,12731,France,F
552851,22539,MINI JIGSAW DOLLY GIRL,48,11-05-2011 15:07,0.42,12731,France,F
552851,21556,CERAMIC STRAWBERRY MONEY BOX,24,11-05-2011 15:07,2.25,12731,France,F
552851,21156,RETROSPOT CHILDRENS APRON,16,11-05-2011 15:07,1.95,12731,France,F
552851,22554,PLASTERS IN TIN WOODLAND ANIMALS,36,11-05-2011 15:07,1.65,12731,France,F
552851,21558,SKULL LUNCH BOX WITH CUTLERY ,24,11-05-2011 15:07,2.55,12731,France,M
552851,22629,SPACEBOY LUNCH BOX ,12,11-05-2011 15:07,1.95,12731,France,M
552851,20725,LUNCH BAG RED RETROSPOT,20,11-05-2011 15:07,1.65,12731,France,M
552851,20727,LUNCH BAG  BLACK SKULL.,20,11-05-2011 15:07,1.65,12731,France,M
552851,22662,LUNCH BAG DOLLY GIRL DESIGN,20,11-05-2011 15:07,1.65,12731,France,M
552851,22630,DOLLY GIRL LUNCH BOX,12,11-05-2011 15:07,1.95,12731,France,M
552851,84879,ASSORTED COLOUR BIRD ORNAMENT,120,11-05-2011 15:07,1.69,12731,France,M
552851,22134,MINI LADLE LOVE HEART RED ,12,11-05-2011 15:07,0.42,12731,France,M
552851,22899,CHILDREN'S APRON DOLLY GIRL ,12,11-05-2011 15:07,2.1,12731,France,F
552851,23010,CIRCUS PARADE BABY GIFT SET,6,11-05-2011 15:07,14.95,12731,France,F
552851,21533,RETROSPOT LARGE MILK JUG,6,11-05-2011 15:07,4.95,12731,France,F
552851,21843,RED RETROSPOT CAKE STAND,6,11-05-2011 15:07,10.95,12731,France,M
552851,21539,RED RETROSPOT BUTTER DISH,12,11-05-2011 15:07,4.95,12731,France,M
552851,22139,RETROSPOT TEA SET CERAMIC 11 PC ,24,11-05-2011 15:07,4.25,12731,France,F
552851,21535,RED RETROSPOT SMALL MILK JUG,12,11-05-2011 15:07,2.55,12731,France,F
552851,22892,SET OF SALT AND PEPPER TOADSTOOLS,24,11-05-2011 15:07,1.25,12731,France,F
552851,23170,REGENCY TEA PLATE ROSES ,48,11-05-2011 15:07,1.45,12731,France,F
552852,22691,DOORMAT WELCOME SUNRISE,2,11-05-2011 15:08,7.95,16712,United Kingdom,M
552852,22138,BAKING SET 9 PIECE RETROSPOT ,2,11-05-2011 15:08,4.95,16712,United Kingdom,M
552852,22635,CHILDS BREAKFAST SET DOLLY GIRL ,1,11-05-2011 15:08,9.95,16712,United Kingdom,M
552852,21509,COWBOYS AND INDIANS BIRTHDAY CARD ,12,11-05-2011 15:08,0.42,16712,United Kingdom,M
552852,21508,VINTAGE KID DOLLY CARD ,12,11-05-2011 15:08,0.42,16712,United Kingdom,F
552852,21507,"ELEPHANT, BIRTHDAY CARD, ",12,11-05-2011 15:08,0.42,16712,United Kingdom,M
552852,22716,CARD CIRCUS PARADE,12,11-05-2011 15:08,0.42,16712,United Kingdom,F
552852,21937,STRAWBERRY   PICNIC BAG,1,11-05-2011 15:08,2.95,16712,United Kingdom,M
552852,21936,RED RETROSPOT PICNIC BAG,1,11-05-2011 15:08,2.95,16712,United Kingdom,F
552852,22662,LUNCH BAG DOLLY GIRL DESIGN,3,11-05-2011 15:08,1.65,16712,United Kingdom,M
552852,23209,LUNCH BAG DOILEY PATTERN ,3,11-05-2011 15:08,1.65,16712,United Kingdom,M
552852,22382,LUNCH BAG SPACEBOY DESIGN ,3,11-05-2011 15:08,1.65,16712,United Kingdom,F
552852,23207,LUNCH BAG ALPHABET DESIGN,3,11-05-2011 15:08,1.65,16712,United Kingdom,M
552852,20727,LUNCH BAG  BLACK SKULL.,3,11-05-2011 15:08,1.65,16712,United Kingdom,F
552852,20725,LUNCH BAG RED RETROSPOT,3,11-05-2011 15:08,1.65,16712,United Kingdom,F
552852,21034,REX CASH+CARRY JUMBO SHOPPER,1,11-05-2011 15:08,0.95,16712,United Kingdom,F
552852,23206,LUNCH BAG APPLE DESIGN,3,11-05-2011 15:08,1.65,16712,United Kingdom,F
552852,22900, SET 2 TEA TOWELS I LOVE LONDON ,6,11-05-2011 15:08,3.25,16712,United Kingdom,M
552852,20726,LUNCH BAG WOODLAND,3,11-05-2011 15:08,1.65,16712,United Kingdom,M
552852,22989,SET 2 PANTRY DESIGN TEA TOWELS,3,11-05-2011 15:08,3.25,16712,United Kingdom,M
552852,22980,PANTRY SCRUBBING BRUSH,6,11-05-2011 15:08,1.65,16712,United Kingdom,M
552852,22979,PANTRY WASHING UP BRUSH,6,11-05-2011 15:08,1.45,16712,United Kingdom,F
552852,22631,CIRCUS PARADE LUNCH BOX ,2,11-05-2011 15:08,1.95,16712,United Kingdom,F
552852,22629,SPACEBOY LUNCH BOX ,2,11-05-2011 15:08,1.95,16712,United Kingdom,F
552852,22659,LUNCH BOX I LOVE LONDON,2,11-05-2011 15:08,1.95,16712,United Kingdom,F
552852,22630,DOLLY GIRL LUNCH BOX,2,11-05-2011 15:08,1.95,16712,United Kingdom,F
552852,21936,RED RETROSPOT PICNIC BAG,2,11-05-2011 15:08,2.95,16712,United Kingdom,F
552852,21937,STRAWBERRY   PICNIC BAG,2,11-05-2011 15:08,2.95,16712,United Kingdom,F
552852,22352,LUNCH BOX WITH CUTLERY RETROSPOT ,2,11-05-2011 15:08,2.55,16712,United Kingdom,F
552852,21561,DINOSAUR LUNCH BOX WITH CUTLERY,2,11-05-2011 15:08,2.55,16712,United Kingdom,F
552852,21471,STRAWBERRY RAFFIA FOOD COVER,2,11-05-2011 15:08,3.75,16712,United Kingdom,F
552852,21470,FLOWER VINE RAFFIA FOOD COVER,3,11-05-2011 15:08,3.75,16712,United Kingdom,F
552852,21467,CHERRY CROCHET FOOD COVER,1,11-05-2011 15:08,3.75,16712,United Kingdom,F
552852,22518,CHILDS GARDEN BRUSH BLUE,5,11-05-2011 15:08,2.1,16712,United Kingdom,F
552852,22516,CHILDS GARDEN RAKE BLUE,6,11-05-2011 15:08,2.1,16712,United Kingdom,#NAME?
552852,22514,CHILDS GARDEN SPADE BLUE,5,11-05-2011 15:08,2.1,16712,United Kingdom,M
552852,22515,CHILDS GARDEN SPADE PINK,3,11-05-2011 15:08,2.1,16712,United Kingdom,M
552852,22516,CHILDS GARDEN RAKE BLUE,3,11-05-2011 15:08,2.1,16712,United Kingdom,M
552852,22721,SET OF 3 CAKE TINS SKETCHBOOK,1,11-05-2011 15:08,4.95,16712,United Kingdom,M
552852,22502,PICNIC BASKET WICKER SMALL,2,11-05-2011 15:08,5.95,16712,United Kingdom,M
552852,23051,RECYCLED ACAPULCO MAT BLUE,1,11-05-2011 15:08,8.25,16712,United Kingdom,M
552852,23049,RECYCLED ACAPULCO MAT RED,1,11-05-2011 15:08,8.25,16712,United Kingdom,M
552852,23052,RECYCLED ACAPULCO MAT TURQUOISE,1,11-05-2011 15:08,8.25,16712,United Kingdom,M
552852,23054,RECYCLED ACAPULCO MAT LAVENDER,1,11-05-2011 15:08,8.25,16712,United Kingdom,F
552852,23053,RECYCLED ACAPULCO MAT PINK,1,11-05-2011 15:08,8.25,16712,United Kingdom,F
552852,23050,RECYCLED ACAPULCO MAT GREEN,1,11-05-2011 15:08,8.25,16712,United Kingdom,F
552852,22367,CHILDRENS APRON SPACEBOY DESIGN,2,11-05-2011 15:08,1.95,16712,United Kingdom,M
552852,22899,CHILDREN'S APRON DOLLY GIRL ,2,11-05-2011 15:08,2.1,16712,United Kingdom,M
552852,22898,CHILDRENS APRON APPLES DESIGN,1,11-05-2011 15:08,1.95,16712,United Kingdom,F
552852,21155,RED RETROSPOT PEG BAG,1,11-05-2011 15:08,2.55,16712,United Kingdom,F
552852,22898,CHILDRENS APRON APPLES DESIGN,1,11-05-2011 15:08,1.95,16712,United Kingdom,F
552852,22984,CARD GINGHAM ROSE ,12,11-05-2011 15:08,0.42,16712,United Kingdom,F
552852,22522,CHILDS GARDEN FORK BLUE ,8,11-05-2011 15:08,0.85,16712,United Kingdom,M
552852,22520,CHILDS GARDEN TROWEL BLUE ,6,11-05-2011 15:08,0.85,16712,United Kingdom,M
552852,22523,CHILDS GARDEN FORK PINK,7,11-05-2011 15:08,0.85,16712,United Kingdom,M
552852,21716,BOYS VINTAGE TIN SEASIDE BUCKET,2,11-05-2011 15:08,2.55,16712,United Kingdom,M
552852,21715,GIRLS VINTAGE TIN SEASIDE BUCKET,2,11-05-2011 15:08,2.55,16712,United Kingdom,F
552852,21977,PACK OF 60 PINK PAISLEY CAKE CASES,3,11-05-2011 15:08,0.55,16712,United Kingdom,M
552852,21212,PACK OF 72 RETROSPOT CAKE CASES,3,11-05-2011 15:08,0.55,16712,United Kingdom,F
552852,21718,RED METAL BEACH SPADE ,8,11-05-2011 15:08,1.25,16712,United Kingdom,M
552852,22501,PICNIC BASKET WICKER LARGE,2,11-05-2011 15:08,9.95,16712,United Kingdom,F
552852,22424,ENAMEL BREAD BIN CREAM,1,11-05-2011 15:08,12.75,16712,United Kingdom,M
552853,23203,JUMBO BAG DOILEY PATTERNS,3,11-05-2011 15:13,2.08,16712,United Kingdom,M
552853,21937,STRAWBERRY   PICNIC BAG,1,11-05-2011 15:13,2.95,16712,United Kingdom,F
552853,21189,WHITE HONEYCOMB PAPER GARLAND ,8,11-05-2011 15:13,1.65,16712,United Kingdom,M
552853,22900, SET 2 TEA TOWELS I LOVE LONDON ,1,11-05-2011 15:13,3.25,16712,United Kingdom,F
552853,22662,LUNCH BAG DOLLY GIRL DESIGN,1,11-05-2011 15:13,1.65,16712,United Kingdom,F
552853,20726,LUNCH BAG WOODLAND,1,11-05-2011 15:13,1.65,16712,United Kingdom,F
552853,20728,LUNCH BAG CARS BLUE,1,11-05-2011 15:13,1.65,16712,United Kingdom,F
552853,23206,LUNCH BAG APPLE DESIGN,1,11-05-2011 15:13,1.65,16712,United Kingdom,M
552853,20727,LUNCH BAG  BLACK SKULL.,1,11-05-2011 15:13,1.65,16712,United Kingdom,M
552853,23190,BUNDLE OF 3 SCHOOL EXERCISE BOOKS  ,3,11-05-2011 15:13,1.65,16712,United Kingdom,M
552853,21086,SET/6 RED SPOTTY PAPER CUPS,11,11-05-2011 15:13,0.65,16712,United Kingdom,M
552853,22776,SWEETHEART CAKESTAND 3 TIER,1,11-05-2011 15:13,9.95,16712,United Kingdom,F
552853,21094,SET/6 RED SPOTTY PAPER PLATES,8,11-05-2011 15:13,0.85,16712,United Kingdom,F
552853,21080,SET/20 RED RETROSPOT PAPER NAPKINS ,4,11-05-2011 15:13,0.85,16712,United Kingdom,F
552854,16236,KITTY PENCIL ERASERS,28,11-05-2011 15:16,0.21,14748,United Kingdom,F
552854,16238,PARTY TIME PENCIL ERASERS,28,11-05-2011 15:16,0.21,14748,United Kingdom,F
552854,16237,SLEEPING CAT ERASERS,30,11-05-2011 15:16,0.21,14748,United Kingdom,F
552854,21212,PACK OF 72 RETROSPOT CAKE CASES,24,11-05-2011 15:16,0.55,14748,United Kingdom,F
552854,16244B,MAXWELL 2 TONE BLUE 60 PAGE PHOTO A,3,11-05-2011 15:16,1.95,14748,United Kingdom,F
552854,21792,CLASSIC FRENCH STYLE BASKET GREEN ,8,11-05-2011 15:16,3.95,14748,United Kingdom,F
552854,21793,CLASSIC FRENCH STYLE BASKET BROWN,8,11-05-2011 15:16,3.95,14748,United Kingdom,F
552854,21679,SKULLS  STICKERS,24,11-05-2011 15:16,0.85,14748,United Kingdom,F
552854,21383,PACK OF 12 STICKY BUNNIES,12,11-05-2011 15:16,0.65,14748,United Kingdom,F
552854,21719,LOVELY BONBON STICKER SHEET,12,11-05-2011 15:16,0.85,14748,United Kingdom,F
552854,21725,SWEETIES  STICKERS,12,11-05-2011 15:16,0.85,14748,United Kingdom,F
552854,84559A,3D SHEET OF DOG STICKERS,12,11-05-2011 15:16,0.85,14748,United Kingdom,M
552854,21198,WHITE HEART CONFETTI IN TUBE,12,11-05-2011 15:16,1.65,14748,United Kingdom,M
552854,21199,PINK  HEART CONFETTI IN TUBE,12,11-05-2011 15:16,1.65,14748,United Kingdom,M
552854,22557,PLASTERS IN TIN VINTAGE PAISLEY ,12,11-05-2011 15:16,1.65,14748,United Kingdom,M
552854,22556,PLASTERS IN TIN CIRCUS PARADE ,12,11-05-2011 15:16,1.65,14748,United Kingdom,M
552854,21930,JUMBO STORAGE BAG SKULLS,10,11-05-2011 15:16,2.08,14748,United Kingdom,M
552854,21931,JUMBO STORAGE BAG SUKI,10,11-05-2011 15:16,2.08,14748,United Kingdom,M
552854,20711,JUMBO BAG TOYS ,10,11-05-2011 15:16,2.08,14748,United Kingdom,F
552855,20975,12 PENCILS SMALL TUBE RED RETROSPOT,120,11-05-2011 15:17,0.65,15815,United Kingdom,F
552855,20974,12 PENCILS SMALL TUBE SKULL,120,11-05-2011 15:17,0.65,15815,United Kingdom,M
552855,21914,BLUE HARMONICA IN BOX ,240,11-05-2011 15:17,1.06,15815,United Kingdom,F
552855,21790,VINTAGE SNAP CARDS,144,11-05-2011 15:17,0.72,15815,United Kingdom,M
C552856,22423,REGENCY CAKESTAND 3 TIER,-1,11-05-2011 15:17,12.75,14288,United Kingdom,F
552857,20685,DOORMAT RED RETROSPOT,1,11-05-2011 15:34,15.79,13148,United Kingdom,M
552857,20716,PARTY FOOD SHOPPER BAG,1,11-05-2011 15:34,0.83,13148,United Kingdom,F
552857,20718,RED RETROSPOT SHOPPER BAG,2,11-05-2011 15:34,2.46,13148,United Kingdom,M
552857,20723,STRAWBERRY CHARLOTTE BAG,1,11-05-2011 15:34,1.63,13148,United Kingdom,M
552857,20724,RED RETROSPOT CHARLOTTE BAG,1,11-05-2011 15:34,1.63,13148,United Kingdom,M
552857,20725,LUNCH BAG RED RETROSPOT,3,11-05-2011 15:34,4.13,13148,United Kingdom,M
552857,20727,LUNCH BAG  BLACK SKULL.,2,11-05-2011 15:34,4.13,13148,United Kingdom,M
552857,20733,GOLD MINI TAPE MEASURE ,1,11-05-2011 15:34,0.83,13148,United Kingdom,F
552857,20974,12 PENCILS SMALL TUBE SKULL,2,11-05-2011 15:34,1.25,13148,United Kingdom,F
552857,20975,12 PENCILS SMALL TUBE RED RETROSPOT,2,11-05-2011 15:34,1.25,13148,United Kingdom,F
552857,20981,12 PENCILS TALL TUBE WOODLAND,1,11-05-2011 15:34,1.63,13148,United Kingdom,F
552857,21012,ANTIQUE ALL GLASS CANDLESTICK,2,11-05-2011 15:34,2.46,13148,United Kingdom,F
552857,21028,NINJA RABBIT BLACK,1,11-05-2011 15:34,2.46,13148,United Kingdom,F
552857,21068,VINTAGE BILLBOARD LOVE/HATE MUG,1,11-05-2011 15:34,2.46,13148,United Kingdom,M
552857,21071,VINTAGE BILLBOARD DRINK ME MUG,1,11-05-2011 15:34,2.46,13148,United Kingdom,M
552857,21080,SET/20 RED RETROSPOT PAPER NAPKINS ,2,11-05-2011 15:34,1.63,13148,United Kingdom,M
552857,21086,SET/6 RED SPOTTY PAPER CUPS,1,11-05-2011 15:34,1.63,13148,United Kingdom,M
552857,21094,SET/6 RED SPOTTY PAPER PLATES,6,11-05-2011 15:34,0.83,13148,United Kingdom,M
552857,21122,SET/10 PINK POLKADOT PARTY CANDLES,1,11-05-2011 15:34,2.46,13148,United Kingdom,M
552857,21181,PLEASE ONE PERSON METAL SIGN,2,11-05-2011 15:34,2.1,13148,United Kingdom,F
552857,21191,LARGE WHITE HONEYCOMB PAPER BELL  ,7,11-05-2011 15:34,4.13,13148,United Kingdom,F
552857,21212,PACK OF 72 RETROSPOT CAKE CASES,1,11-05-2011 15:34,1.25,13148,United Kingdom,M
552857,21224,SET/4 SKULL BADGES,2,11-05-2011 15:34,0.83,13148,United Kingdom,F
552857,21231,SWEETHEART CERAMIC TRINKET BOX,4,11-05-2011 15:34,2.46,13148,United Kingdom,M
552857,21232,STRAWBERRY CERAMIC TRINKET BOX,3,11-05-2011 15:34,2.46,13148,United Kingdom,F
552857,21246,RED RETROSPOT BIG BOWL,1,11-05-2011 15:34,4.13,13148,United Kingdom,M
552857,21383,PACK OF 12 STICKY BUNNIES,2,11-05-2011 15:34,1.63,13148,United Kingdom,F
552857,21385,IVORY HANGING DECORATION  HEART,1,11-05-2011 15:34,1.63,13148,United Kingdom,M
552857,21524,DOORMAT SPOTTY HOME SWEET HOME,1,11-05-2011 15:34,15.79,13148,United Kingdom,M
552857,21544,SKULLS  WATER TRANSFER TATTOOS ,5,11-05-2011 15:34,1.63,13148,United Kingdom,M
552857,21558,SKULL LUNCH BOX WITH CUTLERY ,1,11-05-2011 15:34,4.96,13148,United Kingdom,M
552857,21559,STRAWBERRY LUNCH BOX WITH CUTLERY,1,11-05-2011 15:34,4.96,13148,United Kingdom,M
552857,21641,ASSORTED TUTTI FRUTTI KEYRING BALL,1,11-05-2011 15:34,1.63,16770,United Kingdom,F
552857,21658,GLASS  BEURRE DISH,1,11-05-2011 15:34,8.29,16770,United Kingdom,F
552857,21679,SKULLS  STICKERS,5,11-05-2011 15:34,1.63,16770,United Kingdom,F
552857,21688,SILVER PLATE CANDLE BOWL SMALL,2,11-05-2011 15:34,5.79,16770,United Kingdom,F
552857,21704,BAG 250g SWIRLY MARBLES,1,11-05-2011 15:34,1.63,16770,United Kingdom,F
552857,21715,GIRLS VINTAGE TIN SEASIDE BUCKET,1,11-05-2011 15:34,4.96,16770,United Kingdom,F
552857,21716,BOYS VINTAGE TIN SEASIDE BUCKET,2,11-05-2011 15:34,4.96,16770,United Kingdom,M
552857,21718,RED METAL BEACH SPADE ,3,11-05-2011 15:34,2.46,16770,United Kingdom,M
552857,21754,HOME BUILDING BLOCK WORD,1,11-05-2011 15:34,11.63,16770,United Kingdom,M
552857,21755,LOVE BUILDING BLOCK WORD,1,11-05-2011 15:34,11.63,16770,United Kingdom,M
552857,21794,CLASSIC FRENCH STYLE BASKET NATURAL,1,11-05-2011 15:34,7.46,16770,United Kingdom,M
552857,21829,DINOSAUR KEYRINGS ASSORTED,6,11-05-2011 15:34,0.42,16770,United Kingdom,M
552857,21866,UNION JACK FLAG LUGGAGE TAG,1,11-05-2011 15:34,2.46,16770,United Kingdom,F
552857,21870,I CAN ONLY PLEASE ONE PERSON MUG,21,11-05-2011 15:34,3.29,16770,United Kingdom,F
552857,21878,PACK OF 6 SANDCASTLE FLAGS ASSORTED,1,11-05-2011 15:34,1.63,16770,United Kingdom,M
552857,21879,HEARTS GIFT TAPE,1,11-05-2011 15:34,1.63,16770,United Kingdom,F
552857,21882,SKULLS TAPE,3,11-05-2011 15:34,1.63,16770,United Kingdom,F
552857,21883,STARS GIFT TAPE ,1,11-05-2011 15:34,1.63,16770,United Kingdom,F
552857,21912,VINTAGE SNAKES & LADDERS,1,11-05-2011 15:34,7.46,16770,United Kingdom,M
552857,21928,JUMBO BAG SCANDINAVIAN BLUE PAISLEY,1,11-05-2011 15:34,4.13,16770,United Kingdom,M
552857,21932,SCANDINAVIAN PAISLEY PICNIC BAG,4,11-05-2011 15:34,2.46,16770,United Kingdom,M
552857,21933,PINK VINTAGE PAISLEY PICNIC BAG,3,11-05-2011 15:34,2.46,16770,United Kingdom,M
552857,21943,CAKES AND RABBITS DESIGN FLANNEL ,11,11-05-2011 15:34,1.63,16770,United Kingdom,F
552857,21981,PACK OF 12 WOODLAND TISSUES ,3,11-05-2011 15:34,0.83,16770,United Kingdom,F
552857,21993,FLORAL FOLK STATIONERY SET,2,11-05-2011 15:34,2.46,16770,United Kingdom,F
552857,22028,PENNY FARTHING BIRTHDAY CARD,1,11-05-2011 15:34,0.83,16770,United Kingdom,F
552857,22061,LARGE CAKE STAND  HANGING STRAWBERY,1,11-05-2011 15:34,20.79,16770,United Kingdom,F
552857,22063,CERAMIC BOWL WITH STRAWBERRY DESIGN,1,11-05-2011 15:34,5.79,16770,United Kingdom,F
552857,22069,BROWN  PIRATE TREASURE CHEST ,1,11-05-2011 15:34,3.29,16770,United Kingdom,F
552857,22087,PAPER BUNTING WHITE LACE,8,11-05-2011 15:34,2.95,16770,United Kingdom,F
552857,22088,PAPER BUNTING COLOURED LACE,2,11-05-2011 15:34,5.79,16770,United Kingdom,F
552857,22090,PAPER BUNTING RETROSPOT,10,11-05-2011 15:34,5.79,13161,United Kingdom,F
552857,22135,MINI LADLE LOVE HEART PINK,1,11-05-2011 15:34,0.83,13161,United Kingdom,F
552857,22149,FELTCRAFT 6 FLOWER FRIENDS,1,11-05-2011 15:34,4.13,13161,United Kingdom,F
552857,22165,"DIAMANTE HEART SHAPED WALL MIRROR, ",1,11-05-2011 15:34,10.79,13161,United Kingdom,F
552857,22167, OVAL WALL MIRROR DIAMANTE ,1,11-05-2011 15:34,8.29,13161,United Kingdom,F
552857,22183,CAKE STAND VICTORIAN FILIGREE MED,3,11-05-2011 15:34,5.79,13161,United Kingdom,M
552857,22207,FRYING PAN UNION FLAG,1,11-05-2011 15:34,8.29,13161,United Kingdom,M
552857,22321,BIRD DECORATION RED RETROSPOT,1,11-05-2011 15:34,1.63,13161,United Kingdom,M
552857,22324,BLUE POLKADOT KIDS BAG,1,11-05-2011 15:34,4.13,13148,United Kingdom,M
552857,22328,ROUND SNACK BOXES SET OF 4 FRUITS ,2,11-05-2011 15:34,5.79,13148,United Kingdom,M
552857,22331,WOODLAND PARTY BAG + STICKER SET,1,11-05-2011 15:34,3.29,13148,United Kingdom,M
552857,22332,SKULLS PARTY BAG + STICKER SET,1,11-05-2011 15:34,3.29,13148,United Kingdom,M
552857,22348,TEA BAG PLATE RED RETROSPOT,1,11-05-2011 15:34,1.63,13148,United Kingdom,M
552857,22355,CHARLOTTE BAG SUKI DESIGN,1,11-05-2011 15:34,1.63,13148,United Kingdom,F
552857,22356,CHARLOTTE BAG PINK POLKADOT,1,11-05-2011 15:34,1.63,13148,United Kingdom,F
552857,22366,DOORMAT AIRMAIL ,2,11-05-2011 15:34,15.79,13148,United Kingdom,F
552857,22379,RECYCLING BAG RETROSPOT ,2,11-05-2011 15:34,4.13,13148,United Kingdom,M
552857,22382,LUNCH BAG SPACEBOY DESIGN ,1,11-05-2011 15:34,4.13,13148,United Kingdom,M
552857,22417,PACK OF 60 SPACEBOY CAKE CASES,1,11-05-2011 15:34,1.25,13148,United Kingdom,F
552857,22423,REGENCY CAKESTAND 3 TIER,4,11-05-2011 15:34,12.75,13148,United Kingdom,F
552857,22424,ENAMEL BREAD BIN CREAM,1,11-05-2011 15:34,24.96,13148,United Kingdom,F
552857,22434,BALLOON PUMP WITH 10 BALLOONS,1,11-05-2011 15:34,4.13,13148,United Kingdom,F
552857,22437,SET OF 9 BLACK SKULL BALLOONS,10,11-05-2011 15:34,1.63,13148,United Kingdom,M
552857,22457,NATURAL SLATE HEART CHALKBOARD ,1,11-05-2011 15:34,5.79,13148,United Kingdom,M
552857,22498,WOODEN REGATTA BUNTING,1,11-05-2011 15:34,12.46,13148,United Kingdom,M
552857,22499,WOODEN UNION JACK BUNTING,3,11-05-2011 15:34,12.46,13148,United Kingdom,M
552857,22501,PICNIC BASKET WICKER LARGE,1,11-05-2011 15:34,20.79,13148,United Kingdom,F
552857,22518,CHILDS GARDEN BRUSH BLUE,1,11-05-2011 15:34,4.13,13148,United Kingdom,M
552857,22534,MAGIC DRAWING SLATE SPACEBOY ,1,11-05-2011 15:34,0.83,13148,United Kingdom,F
552857,22553,PLASTERS IN TIN SKULLS,2,11-05-2011 15:34,3.29,13148,United Kingdom,M
552857,22566,FELTCRAFT HAIRBAND PINK AND PURPLE,1,11-05-2011 15:34,1.63,13148,United Kingdom,F
552857,22610,PENS ASSORTED FUNNY FACE,1,11-05-2011 15:34,1.63,13148,United Kingdom,M
552857,22617,BAKING SET SPACEBOY DESIGN,1,11-05-2011 15:34,10.79,13148,United Kingdom,M
552857,22630,DOLLY GIRL LUNCH BOX,1,11-05-2011 15:34,4.13,13148,United Kingdom,F
552857,22631,CIRCUS PARADE LUNCH BOX ,1,11-05-2011 15:34,4.13,13148,United Kingdom,M
552857,22634,CHILDS BREAKFAST SET SPACEBOY ,1,11-05-2011 15:34,19.96,13148,United Kingdom,F
552857,22662,LUNCH BAG DOLLY GIRL DESIGN,1,11-05-2011 15:34,4.13,13148,United Kingdom,F
552857,22663,JUMBO BAG DOLLY GIRL DESIGN,1,11-05-2011 15:34,4.13,13148,United Kingdom,F
552857,22678,FRENCH BLUE METAL DOOR SIGN 3,1,11-05-2011 15:34,2.46,13148,United Kingdom,F
552857,22680,FRENCH BLUE METAL DOOR SIGN 5,1,11-05-2011 15:34,2.46,13148,United Kingdom,M
552857,22686,FRENCH BLUE METAL DOOR SIGN No,1,11-05-2011 15:34,2.46,15415,United Kingdom,M
552857,22697,GREEN REGENCY TEACUP AND SAUCER,4,11-05-2011 15:34,5.79,15415,United Kingdom,M
552857,22698,PINK REGENCY TEACUP AND SAUCER,2,11-05-2011 15:34,5.79,15415,United Kingdom,M
552857,22699,ROSES REGENCY TEACUP AND SAUCER ,2,11-05-2011 15:34,5.79,15415,United Kingdom,F
552857,22712,CARD DOLLY GIRL ,1,11-05-2011 15:34,0.83,15415,United Kingdom,F
552857,22723,SET OF 6 HERB TINS SKETCHBOOK,1,11-05-2011 15:34,8.29,15415,United Kingdom,F
552857,22740,POLKADOT PEN,1,11-05-2011 15:34,1.63,15415,United Kingdom,F
552857,22743,MAKE YOUR OWN FLOWERPOWER CARD KIT,1,11-05-2011 15:34,5.79,15415,United Kingdom,F
552857,22744,MAKE YOUR OWN MONSOON CARD KIT,1,11-05-2011 15:34,5.79,15415,United Kingdom,F
552857,22754,SMALL RED BABUSHKA NOTEBOOK ,1,11-05-2011 15:34,1.63,15415,United Kingdom,F
552857,22755,SMALL PURPLE BABUSHKA NOTEBOOK ,1,11-05-2011 15:34,1.63,15415,United Kingdom,F
552857,22758,LARGE PURPLE BABUSHKA NOTEBOOK  ,1,11-05-2011 15:34,2.46,15415,United Kingdom,F
552857,22771,CLEAR DRAWER KNOB ACRYLIC EDWARDIAN,18,11-05-2011 15:34,2.46,15415,United Kingdom,F
552857,22817,CARD SUKI BIRTHDAY,1,11-05-2011 15:34,0.83,15415,United Kingdom,F
552857,22855,FINE WICKER HEART ,2,11-05-2011 15:34,2.46,15415,United Kingdom,F
552857,22884,NUMBER TILE VINTAGE FONT 5,2,11-05-2011 15:34,4.13,15415,United Kingdom,F
552857,22908,PACK OF 20 NAPKINS RED APPLES,1,11-05-2011 15:34,1.63,15415,United Kingdom,#NAME?
552857,22930,BAKING MOULD HEART MILK CHOCOLATE,1,11-05-2011 15:34,4.96,15415,United Kingdom,M
552857,22963,JAM JAR WITH GREEN LID,1,11-05-2011 15:34,1.63,15415,United Kingdom,M
552857,22976,CIRCUS PARADE CHILDRENS EGG CUP ,1,11-05-2011 15:34,2.46,15415,United Kingdom,M
552857,22981,PANTRY APPLE CORER,1,11-05-2011 15:34,2.92,15415,United Kingdom,M
552857,22982,PANTRY PASTRY BRUSH,1,11-05-2011 15:34,2.46,15415,United Kingdom,M
552857,22984,CARD GINGHAM ROSE ,1,11-05-2011 15:34,0.83,15415,United Kingdom,M
552857,22992,REVOLVER WOODEN RULER ,2,11-05-2011 15:34,4.13,15415,United Kingdom,M
552857,22993,SET OF 4 PANTRY JELLY MOULDS,2,11-05-2011 15:34,2.46,15415,United Kingdom,M
552857,23004,TRAVEL CARD WALLET PANTRY,1,11-05-2011 15:34,0.83,15415,United Kingdom,F
552857,23048,SET OF 10 LANTERNS FAIRY LIGHT STAR,1,11-05-2011 15:34,8.29,15415,United Kingdom,F
552857,23052,RECYCLED ACAPULCO MAT TURQUOISE,1,11-05-2011 15:34,16.63,15415,United Kingdom,F
552857,23053,RECYCLED ACAPULCO MAT PINK,1,11-05-2011 15:34,16.63,15415,United Kingdom,M
552857,23163,REGENCY SUGAR TONGS,1,11-05-2011 15:34,4.96,15415,United Kingdom,M
552857,23164,REGENCY CAKE SLICE,1,11-05-2011 15:34,9.96,15415,United Kingdom,F
552857,23174,REGENCY SUGAR BOWL GREEN,1,11-05-2011 15:34,8.29,15415,United Kingdom,F
552857,23175,REGENCY MILK JUG PINK ,1,11-05-2011 15:34,7.46,15415,United Kingdom,F
552857,23190,BUNDLE OF 3 SCHOOL EXERCISE BOOKS  ,1,11-05-2011 15:34,3.29,15415,United Kingdom,F
552857,23199,JUMBO BAG APPLES,1,11-05-2011 15:34,4.13,15415,United Kingdom,M
552857,23200,JUMBO BAG PEARS,1,11-05-2011 15:34,4.13,15415,United Kingdom,M
552857,23203,JUMBO BAG DOILEY PATTERNS,1,11-05-2011 15:34,4.13,15415,United Kingdom,M
552857,23206,LUNCH BAG APPLE DESIGN,2,11-05-2011 15:34,4.13,15415,United Kingdom,M
552857,23207,LUNCH BAG ALPHABET DESIGN,1,11-05-2011 15:34,4.13,15415,United Kingdom,F
552857,23282,FOLDING BUTTERFLY MIRROR IVORY ,1,11-05-2011 15:34,2.46,15415,United Kingdom,M
552857,35004B,SET OF 3 BLACK FLYING DUCKS,1,11-05-2011 15:34,5.79,15415,United Kingdom,F
552857,37447,CERAMIC CAKE DESIGN SPOTTED PLATE,1,11-05-2011 15:34,3.29,15415,United Kingdom,M
552857,47566,PARTY BUNTING,2,11-05-2011 15:34,10.79,15415,United Kingdom,F
552857,47566B,TEA TIME PARTY BUNTING,1,11-05-2011 15:34,10.79,15415,United Kingdom,M
552857,47574A,ENGLISH ROSE SCENTED HANGING FLOWER,1,11-05-2011 15:34,2.46,15415,United Kingdom,M
552857,82580,BATHROOM METAL SIGN,2,11-05-2011 15:34,1.25,15415,United Kingdom,F
552857,82613B,"METAL SIGN,CUPCAKE SINGLE HOOK",1,11-05-2011 15:34,2.46,15415,United Kingdom,M
552857,84279B,CHERRY BLOSSOM DECORATIVE FLASK,1,11-05-2011 15:34,8.29,15415,United Kingdom,F
552857,84380,SET OF 3 BUTTERFLY COOKIE CUTTERS,1,11-05-2011 15:34,2.46,17841,United Kingdom,F
552857,84459A,PINK METAL CHICKEN HEART ,1,11-05-2011 15:34,3.29,17841,United Kingdom,F
552857,84536A,ENGLISH ROSE NOTEBOOK A7 SIZE,1,11-05-2011 15:34,0.83,17841,United Kingdom,F
552857,84832,ZINC WILLIE WINKIE  CANDLE STICK,6,11-05-2011 15:34,1.63,17841,United Kingdom,M
552857,84905,PINK BUTTERFLY CUSHION COVER ,2,11-05-2011 15:34,4.96,17841,United Kingdom,M
552857,84910A,PINK PAISLEY CUSHION COVER ,1,11-05-2011 15:34,8.29,17841,United Kingdom,M
552857,84912B,GREEN ROSE WASHBAG,2,11-05-2011 15:34,3.29,17841,United Kingdom,M
552857,84913A,SOFT PINK ROSE TOWEL ,1,11-05-2011 15:34,3.29,17841,United Kingdom,F
552857,84913B,MINT GREEN ROSE TOWEL,1,11-05-2011 15:34,3.29,17841,United Kingdom,F
552857,84970L,SINGLE HEART ZINC T-LIGHT HOLDER,1,11-05-2011 15:34,2.08,17841,United Kingdom,F
552857,85066,CREAM SWEETHEART MINI CHEST,3,11-05-2011 15:34,24.96,17841,United Kingdom,F
552857,85093,CANDY SPOT EGG WARMER HARE,17,11-05-2011 15:34,0.83,17841,United Kingdom,F
552857,85125,SMALL ROUND CUT GLASS CANDLESTICK,2,11-05-2011 15:34,9.96,17841,United Kingdom,F
552857,85132A,CHARLIE + LOLA BISCUITS TINS,1,11-05-2011 15:34,5.79,17841,United Kingdom,F
552857,85183B,CHARLIE & LOLA WASTEPAPER BIN FLORA,1,11-05-2011 15:34,7.46,17841,United Kingdom,F
552857,90214D,"LETTER ""D"" BLING KEY RING",1,11-05-2011 15:34,0.83,17841,United Kingdom,F
552857,DOT,DOTCOM POSTAGE,1,11-05-2011 15:34,175.69,17841,United Kingdom,F
552857,15036,ASSORTED COLOURS SILK FAN,10,11-05-2011 15:34,0.83,17841,United Kingdom,F
552857,16052,TEATIME PUSH DOWN RUBBER,1,11-05-2011 15:34,0.83,17841,United Kingdom,F
552857,16258A,SWIRLY CIRCULAR RUBBERS IN BAG,1,11-05-2011 15:34,0.83,17841,United Kingdom,F
552857,22208,WOOD STAMP SET THANK YOU,6,11-05-2011 15:34,1.65,17841,United Kingdom,F
552857,23067,HANGING ENGRAVED METAL HEART,4,11-05-2011 15:34,4.15,17841,United Kingdom,M
552857,23065,LARGE DECO JEWELLERY STAND,3,11-05-2011 15:34,12.5,17841,United Kingdom,M
C552858,22180,RETROSPOT LAMP,-1,11-05-2011 15:46,9.95,17841,United Kingdom,M
C552858,22770,MIRROR CORNICE,-1,11-05-2011 15:46,14.95,17841,United Kingdom,M
C552858,22848,BREAD BIN DINER STYLE PINK,-1,11-05-2011 15:46,16.95,17431,United Kingdom,M
552859,23200,JUMBO BAG PEARS,5,11-05-2011 16:10,2.08,17431,United Kingdom,M
552859,23199,JUMBO BAG APPLES,5,11-05-2011 16:10,2.08,17431,United Kingdom,M
552859,21395,BLUE POLKADOT BEAKER ,12,11-05-2011 16:10,0.39,17431,United Kingdom,F
552859,21394,RED POLKADOT BEAKER ,12,11-05-2011 16:10,0.39,17431,United Kingdom,F
552859,21399,BLUE POLKADOT COFFEE MUG,24,11-05-2011 16:10,0.39,17431,United Kingdom,M
552859,84596G,SMALL CHOCOLATES PINK BOWL,40,11-05-2011 16:10,0.42,17431,United Kingdom,F
552859,84596L,BISCUITS SMALL BOWL LIGHT BLUE,40,11-05-2011 16:10,0.42,17431,United Kingdom,M
552859,84596B,SMALL DOLLY MIX DESIGN ORANGE BOWL,40,11-05-2011 16:10,0.42,17431,United Kingdom,F
552859,84596F,SMALL MARSHMALLOWS PINK BOWL,40,11-05-2011 16:10,0.42,17431,United Kingdom,M
552859,84596J,MIXED NUTS LIGHT GREEN BOWL,40,11-05-2011 16:10,0.42,17431,United Kingdom,F
552860,21625,VINTAGE UNION JACK APRON,1,11-05-2011 16:26,6.95,17431,United Kingdom,M
552860,22428,ENAMEL FIRE BUCKET CREAM,1,11-05-2011 16:26,6.95,17431,United Kingdom,M
552860,22907,PACK OF 20 NAPKINS PANTRY DESIGN,2,11-05-2011 16:26,0.85,17431,United Kingdom,M
552860,84692,BOX OF 24 COCKTAIL PARASOLS,1,11-05-2011 16:26,0.42,17431,United Kingdom,M
552860,22354,RETROSPOT PADDED SEAT CUSHION,8,11-05-2011 16:26,3.75,17431,United Kingdom,M
552860,84609,TALL ROCOCO CANDLE HOLDER,2,11-05-2011 16:26,8.5,17431,United Kingdom,F
552860,84978,HANGING HEART JAR T-LIGHT HOLDER,18,11-05-2011 16:26,1.25,17431,United Kingdom,F
552860,23052,RECYCLED ACAPULCO MAT TURQUOISE,1,11-05-2011 16:26,8.25,17431,United Kingdom,F
552860,23053,RECYCLED ACAPULCO MAT PINK,1,11-05-2011 16:26,8.25,17431,United Kingdom,F
552861,22386,JUMBO BAG PINK POLKADOT,3,11-05-2011 16:28,2.08,17431,United Kingdom,F
552861,22411,JUMBO SHOPPER VINTAGE RED PAISLEY,3,11-05-2011 16:28,2.08,17431,United Kingdom,F
552861,21931,JUMBO STORAGE BAG SUKI,1,11-05-2011 16:28,2.08,17431,United Kingdom,M
552861,22423,REGENCY CAKESTAND 3 TIER,1,11-05-2011 16:28,12.75,17431,United Kingdom,M
552862,23084,RABBIT NIGHT LIGHT,1,11-05-2011 16:51,2.08,17431,United Kingdom,M
552862,23192,BUNDLE OF 3 ALPHABET EXERCISE BOOKS,2,11-05-2011 16:51,1.65,17431,United Kingdom,M
C552863,M,Manual,-1,11-05-2011 16:52,5.1,17431,United Kingdom,M
552864,22295,HEART FILIGREE DOVE LARGE,12,11-05-2011 17:13,1.65,17431,United Kingdom,M
552864,21385,IVORY HANGING DECORATION  HEART,12,11-05-2011 17:13,0.85,17431,United Kingdom,F
552864,22211,WOOD STAMP SET FLOWERS,6,11-05-2011 17:13,1.65,17431,United Kingdom,F
552864,22210,WOOD STAMP SET BEST WISHES,6,11-05-2011 17:13,1.65,17431,United Kingdom,M
552864,22209,WOOD STAMP SET HAPPY BIRTHDAY,6,11-05-2011 17:13,1.65,17431,United Kingdom,F
552864,21238,RED RETROSPOT CUP,6,11-05-2011 17:13,0.85,17431,United Kingdom,M
552864,21239,PINK  POLKADOT CUP,6,11-05-2011 17:13,0.85,17431,United Kingdom,F
552864,21243,PINK  POLKADOT PLATE ,12,11-05-2011 17:13,1.69,17431,United Kingdom,M
552864,21242,RED RETROSPOT PLATE ,8,11-05-2011 17:13,1.69,17431,United Kingdom,F
552864,20675,BLUE POLKADOT BOWL,12,11-05-2011 17:13,1.25,17431,United Kingdom,M
552864,20676,RED RETROSPOT BOWL,12,11-05-2011 17:13,1.25,17431,United Kingdom,M
552864,84991,60 TEATIME FAIRY CAKE CASES,24,11-05-2011 17:13,0.55,17431,United Kingdom,M
552864,22970,LONDON BUS COFFEE MUG,6,11-05-2011 17:13,2.55,17431,United Kingdom,M
552864,22971,QUEENS GUARD COFFEE MUG,6,11-05-2011 17:13,2.55,17431,United Kingdom,M
552864,22302,COFFEE MUG PEARS  DESIGN,6,11-05-2011 17:13,2.55,17431,United Kingdom,F
552864,23154,SET OF 4 JAM JAR MAGNETS,6,11-05-2011 17:13,2.08,17431,United Kingdom,F
552864,23256,CHILDRENS CUTLERY SPACEBOY ,5,11-05-2011 17:13,4.15,15708,United Kingdom,F
552864,23254,CHILDRENS CUTLERY DOLLY GIRL ,5,11-05-2011 17:13,4.15,15708,United Kingdom,F
552864,23131,MISTLETOE HEART WREATH CREAM,6,11-05-2011 17:13,4.15,15708,United Kingdom,F
552864,23130,MISTLETOE HEART WREATH GREEN,6,11-05-2011 17:13,4.15,15708,United Kingdom,F
552864,82482,WOODEN PICTURE FRAME WHITE FINISH,36,11-05-2011 17:13,2.1,15708,United Kingdom,M
552864,22913,RED COAT RACK PARIS FASHION,12,11-05-2011 17:13,4.95,15708,United Kingdom,M
552864,22914,BLUE COAT RACK PARIS FASHION,12,11-05-2011 17:13,4.95,15708,United Kingdom,M
552864,85099C,JUMBO  BAG BAROQUE BLACK WHITE,10,11-05-2011 17:13,2.08,13148,United Kingdom,M
552864,85099B,JUMBO BAG RED RETROSPOT,10,11-05-2011 17:13,2.08,16816,United Kingdom,M
552864,22386,JUMBO BAG PINK POLKADOT,10,11-05-2011 17:13,2.08,16816,United Kingdom,M
552864,23203,JUMBO BAG DOILEY PATTERNS,10,11-05-2011 17:13,2.08,16816,United Kingdom,F
552864,23200,JUMBO BAG PEARS,10,11-05-2011 17:13,2.08,16816,United Kingdom,F
552864,21621,VINTAGE UNION JACK BUNTING,6,11-05-2011 17:13,8.5,16816,United Kingdom,M
552864,47566,PARTY BUNTING,5,11-05-2011 17:13,4.95,16816,United Kingdom,F
552864,21216,"SET 3 RETROSPOT TEA,COFFEE,SUGAR",2,11-05-2011 17:13,4.95,16816,United Kingdom,F
552864,22847,BREAD BIN DINER STYLE IVORY,2,11-05-2011 17:13,16.95,16816,United Kingdom,F
552864,47599B,BLUE PARTY BAGS ,4,11-05-2011 17:13,2.1,16816,United Kingdom,M
552864,47599A,PINK PARTY BAGS,4,11-05-2011 17:13,2.1,16816,United Kingdom,M
552864,23299,FOOD COVER WITH BEADS SET 2 ,7,11-05-2011 17:13,3.75,16816,United Kingdom,M
552864,23298,SPOTTY BUNTING,5,11-05-2011 17:13,4.95,16816,United Kingdom,M
552864,21987,PACK OF 6 SKULL PAPER CUPS,5,11-05-2011 17:13,0.65,16816,United Kingdom,F
552864,21988,PACK OF 6 SKULL PAPER PLATES,8,11-05-2011 17:13,0.85,16816,United Kingdom,F
552864,21989,PACK OF 20 SKULL PAPER NAPKINS,7,11-05-2011 17:13,0.85,16816,United Kingdom,F
552864,21987,PACK OF 6 SKULL PAPER CUPS,2,11-05-2011 17:13,0.65,17463,United Kingdom,F
552864,21218,RED SPOTTY BISCUIT TIN,2,11-05-2011 17:13,3.75,17463,United Kingdom,F
552864,21933,PINK VINTAGE PAISLEY PICNIC BAG,10,11-05-2011 17:13,1.65,17463,United Kingdom,F
552864,21932,SCANDINAVIAN PAISLEY PICNIC BAG,10,11-05-2011 17:13,1.65,17463,United Kingdom,F
552864,23205,CHARLOTTE BAG VINTAGE ALPHABET ,10,11-05-2011 17:13,0.85,17463,United Kingdom,F
552864,23199,JUMBO BAG APPLES,10,11-05-2011 17:13,2.08,17463,United Kingdom,F
552864,22139,RETROSPOT TEA SET CERAMIC 11 PC ,4,11-05-2011 17:13,4.95,17463,United Kingdom,F
552864,23068,ALUMINIUM STAMPED HEART,6,11-05-2011 17:13,2.49,17463,United Kingdom,F
552864,23061,VINTAGE EMBOSSED HEART,6,11-05-2011 17:13,1.25,17463,United Kingdom,F
552864,21240,BLUE POLKADOT CUP,4,11-05-2011 17:13,0.85,17463,United Kingdom,F
552864,21239,PINK  POLKADOT CUP,4,11-05-2011 17:13,0.85,17463,United Kingdom,F
552864,21238,RED RETROSPOT CUP,4,11-05-2011 17:13,0.85,17463,United Kingdom,M
552864,20914,SET/5 RED RETROSPOT LID GLASS BOWLS,3,11-05-2011 17:13,2.95,17463,United Kingdom,M
552864,23254,CHILDRENS CUTLERY DOLLY GIRL ,6,11-05-2011 17:13,4.15,17463,United Kingdom,M
552864,23256,CHILDRENS CUTLERY SPACEBOY ,6,11-05-2011 17:13,4.15,17463,United Kingdom,M
552864,84375,SET OF 20 KIDS COOKIE CUTTERS,6,11-05-2011 17:13,2.1,17463,United Kingdom,M
552864,22938,CUPCAKE LACE PAPER SET 6,3,11-05-2011 17:13,1.95,17463,United Kingdom,M
552864,22900, SET 2 TEA TOWELS I LOVE LONDON ,6,11-05-2011 17:13,3.25,17463,United Kingdom,M
552864,85020,ROUND PINK HEART MIRROR,6,11-05-2011 17:13,2.1,17463,United Kingdom,M
552865,22970,LONDON BUS COFFEE MUG,6,11-05-2011 17:16,2.55,17463,United Kingdom,F
552865,22659,LUNCH BOX I LOVE LONDON,4,11-05-2011 17:16,1.95,17463,United Kingdom,F
552865,22900, SET 2 TEA TOWELS I LOVE LONDON ,4,11-05-2011 17:16,3.25,17463,United Kingdom,F
552865,22713,CARD I LOVE LONDON ,12,11-05-2011 17:16,0.42,17463,United Kingdom,M
552865,22911,PAPER CHAIN KIT LONDON,2,11-05-2011 17:16,2.95,17463,United Kingdom,M
552865,22139,RETROSPOT TEA SET CERAMIC 11 PC ,1,11-05-2011 17:16,4.95,17463,United Kingdom,F
552865,21557,SET OF 6 FUNKY BEAKERS,2,11-05-2011 17:16,2.95,17463,United Kingdom,F
552865,22053,EMPIRE DESIGN ROSETTE,4,11-05-2011 17:16,1.25,17463,United Kingdom,F
552865,22616,PACK OF 12 LONDON TISSUES ,12,11-05-2011 17:16,0.29,17463,United Kingdom,F
552865,22384,LUNCH BAG PINK POLKADOT,1,11-05-2011 17:16,1.65,17463,United Kingdom,M
552866,84251C,"GREETING CARD, TWO SISTERS.",1,11-05-2011 17:36,0.19,17463,United Kingdom,M
552866,21671,RED SPOT CERAMIC DRAWER KNOB,6,11-05-2011 17:36,1.25,17463,United Kingdom,M
552866,21672,WHITE SPOT RED CERAMIC DRAWER KNOB,6,11-05-2011 17:36,1.25,17463,United Kingdom,M
552866,21673,WHITE SPOT BLUE CERAMIC DRAWER KNOB,6,11-05-2011 17:36,1.25,17463,United Kingdom,F
552866,21669,BLUE STRIPE CERAMIC DRAWER KNOB,6,11-05-2011 17:36,1.25,17463,United Kingdom,M
552866,21668,RED STRIPE CERAMIC DRAWER KNOB,6,11-05-2011 17:36,1.25,13456,United Kingdom,F
552866,21670,BLUE SPOT CERAMIC DRAWER KNOB,12,11-05-2011 17:36,1.25,15555,United Kingdom,M
552867,23109,LED TEA LIGHTS,6,12-05-2011 08:36,2.89,15513,United Kingdom,F
552867,22297,HEART IVORY TRELLIS SMALL,24,12-05-2011 08:36,1.25,15513,United Kingdom,M
552867,22927,GREEN GIANT GARDEN THERMOMETER,4,12-05-2011 08:36,5.95,15513,United Kingdom,M
552867,22443,GROW YOUR OWN HERBS SET OF 3,4,12-05-2011 08:36,7.95,15513,United Kingdom,F
552867,22441,GROW YOUR OWN BASIL IN ENAMEL MUG,8,12-05-2011 08:36,2.1,15513,United Kingdom,M
552867,21114,LAVENDER SCENTED FABRIC HEART,20,12-05-2011 08:36,1.25,15513,United Kingdom,F
552867,23108,SET OF 10 LED DOLLY LIGHTS,12,12-05-2011 08:36,5.39,15513,United Kingdom,F
552867,22607,WOODEN ROUNDERS GARDEN SET ,2,12-05-2011 08:36,9.95,15513,United Kingdom,F
552867,21917,SET 12 KIDS  WHITE CHALK STICKS,24,12-05-2011 08:36,0.42,15513,United Kingdom,F
552867,20685,DOORMAT RED RETROSPOT,10,12-05-2011 08:36,6.75,15513,United Kingdom,M
552867,23298,SPOTTY BUNTING,50,12-05-2011 08:36,4.15,15513,United Kingdom,M
552867,23173,REGENCY TEAPOT ROSES ,2,12-05-2011 08:36,9.95,15513,United Kingdom,M
552867,22699,ROSES REGENCY TEACUP AND SAUCER ,6,12-05-2011 08:36,2.95,15513,United Kingdom,M
552867,22698,PINK REGENCY TEACUP AND SAUCER,6,12-05-2011 08:36,2.95,15513,United Kingdom,F
552867,22697,GREEN REGENCY TEACUP AND SAUCER,6,12-05-2011 08:36,2.95,15513,United Kingdom,F
552867,22725,ALARM CLOCK BAKELIKE CHOCOLATE,4,12-05-2011 08:36,3.75,15513,United Kingdom,F
552867,22730,ALARM CLOCK BAKELIKE IVORY,4,12-05-2011 08:36,3.75,15513,United Kingdom,F
552867,22729,ALARM CLOCK BAKELIKE ORANGE,4,12-05-2011 08:36,3.75,15513,United Kingdom,F
552867,22728,ALARM CLOCK BAKELIKE PINK,4,12-05-2011 08:36,3.75,15513,United Kingdom,F
552867,22727,ALARM CLOCK BAKELIKE RED ,4,12-05-2011 08:36,3.75,15513,United Kingdom,F
552867,23283,DOORMAT VINTAGE LEAVES DESIGN ,10,12-05-2011 08:36,6.75,15513,United Kingdom,F
552867,22456,NATURAL SLATE CHALKBOARD LARGE ,18,12-05-2011 08:36,4.25,15513,United Kingdom,F
552867,82484,WOOD BLACK BOARD ANT WHITE FINISH,12,12-05-2011 08:36,6.75,15513,United Kingdom,F
552867,85123A,WHITE HANGING HEART T-LIGHT HOLDER,32,12-05-2011 08:36,2.55,15513,United Kingdom,F
552867,22501,PICNIC BASKET WICKER LARGE,16,12-05-2011 08:36,8.5,15513,United Kingdom,F
552868,22037,ROBOT BIRTHDAY CARD,12,12-05-2011 08:39,0.42,15513,United Kingdom,F
552869,21870,I CAN ONLY PLEASE ONE PERSON MUG,12,12-05-2011 08:41,1.25,15106,United Kingdom,M
552869,22969,HOMEMADE JAM SCENTED CANDLES,12,12-05-2011 08:41,1.45,15106,United Kingdom,M
552869,21733,RED HANGING HEART T-LIGHT HOLDER,6,12-05-2011 08:41,2.95,15106,United Kingdom,M
552869,22892,SET OF SALT AND PEPPER TOADSTOOLS,12,12-05-2011 08:41,1.25,15106,United Kingdom,M
552869,20726,LUNCH BAG WOODLAND,10,12-05-2011 08:41,1.65,15106,United Kingdom,M
552869,20728,LUNCH BAG CARS BLUE,10,12-05-2011 08:41,1.65,15106,United Kingdom,M
552869,22757,LARGE RED BABUSHKA NOTEBOOK ,12,12-05-2011 08:41,1.25,15106,United Kingdom,M
552869,22755,SMALL PURPLE BABUSHKA NOTEBOOK ,12,12-05-2011 08:41,0.85,15106,United Kingdom,M
552869,15036,ASSORTED COLOURS SILK FAN,12,12-05-2011 08:41,0.83,15106,United Kingdom,M
542608,22753,SMALL YELLOW BABUSHKA NOTEBOOK ,3,1/30/2011 13:51,0.85,16770,United Kingdom,F
